id,klass,prob
1,0,0.4013
2,0,0.4013
3,0,0.4013
4,1,0.5374
5,0,0.4013
6,0,0.4013
7,0,0.4013
8,0,0.3318
9,1,0.525
10,0,0.4626
11,0,0.4013
12,0,0.4013
13,0,0.4013
14,1,0.852
15,0,0.3318
16,0,0.4013
17,1,0.5
18,1,0.525
19,0,0.4013
20,0,0.4013
21,0,0.4013
22,0,0.4875
23,0,0.4013
24,0,0.3318
25,1,0.8859
26,1,0.5744
27,0,0.4013
28,1,0.5498
29,0,0.4013
30,1,0.6225
31,0,0.4013
32,0,0.4013
33,1,0.7595
34,0,0.4013
35,0,0.4013
36,0,0.4013
37,0,0.4013
38,0,0.4013
39,0,0.4013
40,1,0.5744
41,0,0.4013
42,1,0.5744
43,0,0.4013
44,1,0.6106
45,1,0.7006
46,0,0.4013
47,0,0.4013
48,0,0.4013
49,1,0.7109
50,0,0.4013
51,1,0.7109
52,0,0.4013
53,0,0.4013
54,1,0.5498
55,0,0.4013
56,0,0.4013
57,1,0.8022
58,0,0.4013
59,1,0.7311
60,0,0.2891
61,0,0.4013
62,0,0.4013
63,0,0.4013
64,0,0.4013
65,0,0.4013
66,0,0.4013
67,1,0.7006
68,0,0.4013
69,0,0.4626
70,0,0.4013
71,0,0.4013
72,0,0.4626
73,0,0.4013
74,0,0.4013
75,0,0.4013
76,1,0.7006
77,0,0.4013
78,0,0.4013
79,0,0.4013
80,0,0.3318
81,1,0.8389
82,1,0.8808
83,0,0.4013
84,0,0.4013
85,0,0.4013
86,0,0.4013
87,1,0.5744
88,0,0.4013
89,0,0.4013
90,0,0.4013
91,0,0.4013
92,0,0.4013
93,0,0.4013
94,0,0.4013
95,0,0.4626
96,0,0.4013
97,0,0.4013
98,1,0.5622
99,0,0.4013
100,0,0.4013
101,1,0.9002
102,0,0.1301
103,1,0.6106
104,0,0.4013
105,0,0.4013
106,0,0.4013
107,0,0.4013
108,1,0.7595
109,1,0.5498
110,0,0.4013
111,0,0.4013
112,0,0.4013
113,0,0.4013
114,0,0.4502
115,1,0.7006
116,0,0.4013
117,1,0.6106
118,0,0.4013
119,0,0.4013
120,1,0.525
121,1,0.5987
122,1,0.852
123,0,0.4013
124,0,0.4013
125,0,0.4013
126,1,0.8581
127,0,0.4013
128,0,0.4013
129,0,0.4013
130,0,0.4013
131,0,0.4013
132,0,0.4013
133,0,0.4013
134,0,0.4013
135,0,0.4013
136,0,0.3318
137,0,0.4013
138,0,0.4013
139,1,0.7773
140,0,0.4013
141,0,0.3318
142,0,0.4013
143,0,0.4013
144,0,0.3318
145,1,0.5498
146,1,0.7503
147,1,0.5866
148,0,0.4013
149,0,0.4013
150,0,0.4013
151,1,0.6792
152,1,0.5987
153,0,0.4013
154,1,0.7109
155,0,0.4013
156,0,0.4013
157,0,0.4013
158,0,0.4013
159,1,0.7858
160,0,0.4013
161,1,0.5744
162,0,0.4013
163,0,0.4013
164,0,0.4875
165,0,0.4013
166,0,0.4013
167,1,0.7311
168,1,0.5744
169,0,0.4013
170,0,0.4013
171,0,0.4013
172,0,0.4013
173,0,0.4013
174,0,0.4013
175,0,0.4013
176,0,0.3318
177,0,0.4013
178,0,0.4013
179,0,0.3318
180,1,0.6106
181,0,0.4013
182,1,0.5
183,0,0.4013
184,0,0.4013
185,0,0.4013
186,0,0.4013
187,1,0.7109
188,0,0.4013
189,0,0.4013
190,0,0.4013
191,0,0.3318
192,0,0.4013
193,0,0.4013
194,0,0.4013
195,0,0.4013
196,1,0.5498
197,0,0.4013
198,0,0.4013
199,0,0.4013
200,0,0.4013
201,1,0.5744
202,1,0.6106
203,1,0.5744
204,0,0.4626
205,0,0.4013
206,0,0.4013
207,1,0.7006
208,0,0.4013
209,0,0.4013
210,1,0.6792
211,1,0.5744
212,0,0.4013
213,1,0.5744
214,0,0.4013
215,0,0.4013
216,1,0.6106
217,0,0.4013
218,0,0.4013
219,0,0.4013
220,0,0.4013
221,0,0.4013
222,0,0.4013
223,0,0.4013
224,0,0.4013
225,0,0.4013
226,0,0.4013
227,0,0.4013
228,0,0.4013
229,0,0.4013
230,0,0.4013
231,0,0.4875
232,0,0.4013
233,0,0.3318
234,0,0.475
235,0,0.4013
236,0,0.4013
237,1,0.5744
238,0,0.4013
239,0,0.4013
240,1,0.5744
241,1,0.5744
242,0,0.4013
243,0,0.4013
244,0,0.4013
245,0,0.4013
246,0,0.4013
247,0,0.4013
248,0,0.4013
249,1,0.5498
250,0,0.4013
251,0,0.4013
252,1,0.5744
253,0,0.3318
254,0,0.4013
255,0,0.4013
256,0,0.4013
257,0,0.4013
258,0,0.4013
259,0,0.4013
260,0,0.4013
261,1,0.5744
262,1,0.5744
263,0,0.4013
264,0,0.4013
265,0,0.4013
266,0,0.3318
267,0,0.4013
268,0,0.3318
269,1,0.9309
270,0,0.4013
271,0,0.4013
272,0,0.4626
273,0,0.4013
274,0,0.4013
275,1,0.6792
276,0,0.4013
277,0,0.4013
278,1,0.5498
279,0,0.4013
280,0,0.4013
281,1,0.7109
282,1,0.5744
283,1,0.5744
284,0,0.4013
285,0,0.4013
286,0,0.4013
287,0,0.3318
288,0,0.4013
289,1,0.7109
290,0,0.4013
291,1,0.6792
292,0,0.4013
293,0,0.4013
294,0,0.4013
295,0,0.4013
296,0,0.4013
297,0,0.4013
298,1,0.6682
299,0,0.3318
300,0,0.4013
301,0,0.4013
302,0,0.4013
303,0,0.4875
304,0,0.4013
305,0,0.4013
306,0,0.4013
307,0,0.4013
308,0,0.4502
309,1,0.7006
310,0,0.4013
311,0,0.4013
312,1,0.6106
313,0,0.4013
314,0,0.4013
315,0,0.4013
316,0,0.3318
317,0,0.4013
318,1,0.7109
319,0,0.4013
320,0,0.4013
321,0,0.4626
322,0,0.3318
323,0,0.4013
324,0,0.4013
325,0,0.4626
326,1,0.6106
327,0,0.4013
328,1,0.6792
329,0,0.4013
330,0,0.3318
331,0,0.4013
332,0,0.4013
333,0,0.4013
334,0,0.4013
335,0,0.4013
336,0,0.4013
337,0,0.4013
338,1,0.7311
339,1,0.525
340,0,0.4013
341,0,0.4013
342,0,0.4013
343,1,0.5498
344,0,0.4013
345,0,0.4013
346,0,0.4013
347,1,0.6682
348,1,0.5498
349,0,0.3318
350,0,0.4013
351,0,0.4013
352,0,0.4013
353,0,0.4013
354,0,0.4013
355,0,0.4875
356,0,0.4013
357,0,0.4013
358,0,0.4013
359,0,0.4013
360,0,0.4013
361,0,0.4013
362,0,0.4013
363,0,0.4013
364,1,0.7503
365,0,0.4013
366,1,0.8389
367,1,0.6106
368,0,0.4013
369,0,0.4013
370,1,0.6341
371,0,0.4013
372,0,0.4013
373,1,0.8022
374,0,0.4013
375,0,0.4013
376,0,0.3318
377,0,0.4013
378,0,0.4013
379,0,0.2891
380,0,0.4013
381,0,0.4013
382,0,0.4013
383,1,0.5498
384,0,0.4013
385,0,0.3318
386,1,0.7503
387,0,0.4013
388,0,0.4013
389,0,0.4013
390,0,0.4013
391,1,0.7006
392,0,0.4013
393,0,0.4013
394,0,0.4013
395,1,0.5987
396,0,0.3318
397,1,0.525
398,0,0.4875
399,0,0.4013
400,0,0.4013
401,1,0.5987
402,0,0.4013
403,1,0.5374
404,0,0.4013
405,0,0.4013
406,0,0.4013
407,0,0.4013
408,0,0.3318
409,0,0.4013
410,0,0.4013
411,1,0.7006
412,0,0.4013
413,0,0.4013
414,0,0.4013
415,0,0.4013
416,0,0.4013
417,0,0.4013
418,0,0.4013
419,0,0.4013
420,0,0.4013
421,0,0.4013
422,0,0.4013
423,0,0.4013
424,1,0.5498
425,0,0.4013
426,0,0.4013
427,0,0.4013
428,0,0.4013
429,0,0.4013
430,0,0.4013
431,0,0.4013
432,0,0.4013
433,1,0.5498
434,0,0.4013
435,0,0.4013
436,0,0.4013
437,0,0.4875
438,0,0.4013
439,0,0.4013
440,0,0.4013
441,0,0.4013
442,0,0.4875
443,0,0.4013
444,0,0.4013
445,1,0.5498
446,0,0.4013
447,0,0.4013
448,1,0.5987
449,0,0.4013
450,1,0.525
451,1,0.6106
452,0,0.4013
453,0,0.4013
454,0,0.4013
455,0,0.4013
456,1,0.5987
457,0,0.4013
458,1,0.69
459,1,0.7006
460,0,0.4013
461,1,0.5374
462,1,0.6106
463,0,0.4013
464,0,0.4013
465,0,0.4013
466,0,0.4013
467,1,0.5744
468,1,0.7503
469,1,0.6106
470,0,0.4013
471,1,0.5498
472,0,0.4013
473,0,0.4013
474,0,0.4502
475,0,0.4013
476,0,0.3318
477,0,0.4013
478,0,0.4013
479,0,0.4013
480,0,0.4013
481,0,0.4013
482,0,0.4013
483,0,0.4013
484,1,0.5498
485,0,0.4875
486,0,0.4013
487,0,0.4013
488,0,0.4013
489,1,0.5744
490,0,0.4013
491,0,0.4013
492,0,0.4013
493,0,0.4013
494,0,0.4013
495,0,0.4875
496,0,0.4013
497,1,0.7503
498,0,0.4013
499,0,0.4013
500,0,0.4013
501,0,0.4013
502,0,0.3318
503,0,0.4013
504,0,0.4013
505,0,0.4013
506,0,0.1824
507,1,0.9399
508,0,0.4013
509,0,0.4875
510,0,0.3318
511,0,0.4013
512,0,0.3318
513,0,0.4013
514,0,0.4013
515,0,0.3318
516,0,0.4013
517,1,0.5498
518,1,0.5744
519,0,0.4013
520,0,0.4013
521,1,0.8176
522,0,0.4013
523,0,0.4013
524,0,0.4626
525,0,0.3318
526,0,0.4013
527,1,0.6106
528,1,0.7773
529,0,0.4013
530,1,0.5374
531,0,0.4013
532,0,0.4013
533,0,0.4013
534,0,0.4013
535,0,0.4013
536,0,0.4875
537,1,0.5744
538,0,0.4013
539,0,0.4013
540,0,0.4013
541,1,0.525
542,0,0.4013
543,0,0.4013
544,0,0.4013
545,0,0.4013
546,0,0.4013
547,0,0.4013
548,1,0.5987
549,0,0.4013
550,0,0.4013
551,0,0.4013
552,0,0.4013
553,0,0.4013
554,0,0.4013
555,1,0.5498
556,1,0.5374
557,0,0.4013
558,0,0.4013
559,0,0.4013
560,1,0.6682
561,1,0.7503
562,0,0.4013
563,0,0.4013
564,0,0.4013
565,0,0.4626
566,0,0.4013
567,0,0.4013
568,0,0.3318
569,0,0.4013
570,0,0.4013
571,0,0.4013
572,1,0.5744
573,0,0.4013
574,0,0.3318
575,0,0.4013
576,1,0.6792
577,0,0.4013
578,0,0.4013
579,0,0.4013
580,0,0.4013
581,0,0.4013
582,0,0.4013
583,0,0.4013
584,0,0.4013
585,0,0.4013
586,0,0.4013
587,0,0.3318
588,0,0.4013
589,0,0.4875
590,0,0.4013
591,0,0.4013
592,1,0.5987
593,0,0.4013
594,0,0.4013
595,1,0.7685
596,0,0.4013
597,0,0.4013
598,0,0.4013
599,0,0.4013
600,0,0.4013
601,0,0.4013
602,0,0.4013
603,0,0.4013
604,1,0.6106
605,1,0.8022
606,1,0.7109
607,1,0.7006
608,0,0.4013
609,0,0.4013
610,0,0.4013
611,0,0.4013
612,0,0.4875
613,0,0.4013
614,0,0.4013
615,0,0.4013
616,0,0.4013
617,0,0.3318
618,0,0.4013
619,0,0.4013
620,0,0.4013
621,0,0.4013
622,1,0.6106
623,0,0.4013
624,0,0.4013
625,0,0.4013
626,0,0.4013
627,1,0.8249
628,0,0.4013
629,1,0.525
630,0,0.4013
631,1,0.7595
632,0,0.4013
633,0,0.4013
634,1,0.5744
635,0,0.4013
636,0,0.4013
637,1,0.525
638,0,0.4013
639,0,0.4013
640,1,0.7006
641,0,0.4013
642,0,0.4013
643,0,0.4013
644,0,0.4013
645,0,0.4013
646,0,0.4013
647,0,0.4013
648,0,0.4875
649,0,0.4013
650,0,0.3318
651,0,0.4013
652,0,0.4013
653,0,0.4013
654,0,0.4013
655,0,0.4013
656,0,0.3318
657,0,0.4013
658,1,0.5744
659,0,0.4013
660,0,0.4013
661,0,0.4013
662,0,0.4013
663,0,0.4013
664,0,0.4013
665,0,0.4013
666,0,0.4013
667,0,0.4013
668,0,0.4626
669,0,0.4013
670,0,0.4013
671,0,0.4013
672,1,0.525
673,0,0.4626
674,0,0.4013
675,0,0.4013
676,0,0.4013
677,0,0.4013
678,0,0.4013
679,0,0.4013
680,0,0.4013
681,0,0.4013
682,0,0.4013
683,1,0.6106
684,0,0.4013
685,0,0.4013
686,0,0.4013
687,0,0.4013
688,0,0.4013
689,0,0.4013
690,0,0.4013
691,0,0.4013
692,0,0.4013
693,1,0.6106
694,0,0.4013
695,0,0.4013
696,0,0.4013
697,0,0.3318
698,0,0.3318
699,0,0.4013
700,0,0.4013
701,0,0.4013
702,0,0.4013
703,0,0.4013
704,0,0.4013
705,1,0.7006
706,1,0.7109
707,1,0.5744
708,1,0.525
709,0,0.4013
710,0,0.4013
711,0,0.4013
712,0,0.4013
713,0,0.4013
714,0,0.4013
715,0,0.4013
716,1,0.6106
717,0,0.4013
718,0,0.4013
719,0,0.4013
720,0,0.4013
721,0,0.4013
722,0,0.4013
723,0,0.4013
724,0,0.4875
725,0,0.4013
726,0,0.4013
727,0,0.4013
728,0,0.4013
729,1,0.525
730,1,0.525
731,0,0.3318
732,1,0.7109
733,1,0.8022
734,1,0.5744
735,1,0.7006
736,0,0.4013
737,0,0.4013
738,0,0.4013
739,0,0.4875
740,1,0.5744
741,0,0.4013
742,0,0.4013
743,0,0.3318
744,0,0.4013
745,1,0.525
746,0,0.4013
747,0,0.4013
748,0,0.4013
749,0,0.4013
750,1,0.6106
751,0,0.4013
752,0,0.4875
753,0,0.4013
754,0,0.4013
755,1,0.525
756,0,0.4875
757,1,0.7006
758,0,0.4013
759,0,0.4013
760,1,0.525
761,1,0.6106
762,0,0.4013
763,0,0.4013
764,0,0.4013
765,1,0.7006
766,0,0.3318
767,0,0.4013
768,0,0.4013
769,0,0.4013
770,0,0.4013
771,0,0.4013
772,0,0.4013
773,1,0.5744
774,0,0.4875
775,0,0.4013
776,1,0.5744
777,1,0.657
778,0,0.4013
779,1,0.7109
780,1,0.5498
781,0,0.4013
782,0,0.4013
783,0,0.3318
784,0,0.4013
785,0,0.4013
786,0,0.4013
787,0,0.4013
788,0,0.4013
789,0,0.3318
790,0,0.4013
791,0,0.4013
792,0,0.3318
793,0,0.4013
794,1,0.525
795,0,0.4013
796,0,0.4013
797,0,0.4013
798,0,0.4013
799,0,0.4013
800,0,0.4013
801,0,0.4013
802,0,0.4013
803,0,0.4013
804,0,0.4013
805,0,0.4013
806,0,0.4013
807,1,0.7006
808,0,0.4013
809,1,0.6106
810,0,0.4013
811,0,0.4875
812,0,0.4013
813,0,0.4013
814,0,0.4013
815,0,0.4013
816,1,0.5498
817,0,0.4013
818,0,0.4013
819,0,0.4013
820,1,0.7006
821,0,0.3318
822,0,0.4013
823,0,0.4013
824,0,0.4013
825,0,0.4013
826,1,0.7006
827,0,0.4013
828,0,0.4013
829,0,0.4013
830,0,0.4013
831,1,0.5374
832,0,0.4013
833,0,0.4013
834,0,0.4013
835,0,0.3318
836,0,0.4013
837,0,0.4013
838,0,0.4875
839,1,0.5744
840,1,0.5498
841,0,0.4013
842,0,0.4013
843,0,0.4013
844,0,0.4013
845,0,0.4013
846,0,0.4013
847,0,0.4013
848,0,0.4013
849,0,0.4013
850,0,0.4013
851,0,0.4013
852,0,0.4013
853,0,0.4013
854,0,0.3318
855,0,0.4013
856,0,0.4013
857,0,0.4013
858,0,0.4013
859,0,0.4013
860,0,0.4013
861,0,0.4013
862,1,0.5374
863,1,0.8957
864,0,0.4013
865,0,0.4013
866,0,0.4013
867,1,0.6106
868,0,0.4013
869,1,0.7109
870,0,0.4013
871,0,0.4013
872,0,0.4013
873,0,0.4013
874,0,0.4013
875,0,0.4013
876,1,0.6106
877,0,0.4013
878,0,0.4013
879,0,0.4013
880,0,0.4013
881,0,0.4013
882,0,0.3318
883,0,0.4013
884,0,0.4013
885,0,0.4013
886,0,0.4013
887,0,0.4013
888,0,0.4013
889,0,0.4013
890,0,0.4875
891,0,0.3318
892,1,0.5744
893,0,0.4013
894,0,0.4013
895,0,0.4013
896,0,0.4013
897,0,0.3318
898,1,0.6225
899,1,0.7006
900,0,0.4013
901,0,0.4875
902,1,0.6682
903,1,0.7311
904,0,0.4013
905,0,0.4013
906,1,0.7006
907,0,0.2891
908,0,0.4013
909,0,0.4013
910,0,0.4013
911,0,0.4013
912,0,0.4013
913,0,0.4013
914,0,0.4013
915,1,0.6225
916,0,0.4013
917,0,0.4013
918,0,0.4013
919,0,0.4013
920,0,0.4013
921,0,0.4013
922,0,0.4013
923,0,0.4013
924,0,0.4013
925,0,0.4013
926,1,0.525
927,0,0.4013
928,0,0.4013
929,0,0.4013
930,0,0.4013
931,0,0.3318
932,0,0.4013
933,0,0.4013
934,0,0.4013
935,1,0.525
936,0,0.4013
937,0,0.4875
938,0,0.4013
939,0,0.4013
940,0,0.4013
941,0,0.4013
942,1,0.6106
943,0,0.4013
944,0,0.4013
945,0,0.4013
946,0,0.4013
947,0,0.4013
948,1,0.69
949,0,0.4013
950,0,0.4013
951,0,0.3318
952,0,0.4013
953,0,0.3318
954,0,0.4013
955,0,0.4013
956,0,0.4013
957,0,0.4013
958,0,0.4013
959,0,0.4013
960,0,0.4013
961,0,0.4013
962,0,0.2891
963,1,0.5498
964,0,0.4013
965,0,0.4013
966,1,0.6106
967,1,0.6225
968,0,0.4013
969,0,0.4013
970,0,0.4013
971,0,0.4013
972,0,0.4013
973,1,0.7006
974,0,0.3318
975,1,0.5744
976,0,0.4626
977,0,0.4013
978,0,0.4013
979,0,0.4013
980,0,0.4013
981,0,0.4013
982,0,0.4013
983,0,0.4013
984,0,0.3318
985,0,0.4013
986,1,0.5744
987,0,0.4013
988,0,0.4013
989,0,0.3318
990,0,0.4013
991,0,0.3318
992,0,0.3318
993,0,0.4013
994,0,0.4013
995,0,0.4013
996,0,0.4013
997,0,0.4013
998,0,0.3318
999,1,0.7006
1000,0,0.4013
1001,0,0.4013
1002,0,0.3318
1003,0,0.4013
1004,0,0.4013
1005,0,0.4013
1006,0,0.4013
1007,1,0.69
1008,1,0.5744
1009,0,0.3318
1010,0,0.4013
1011,0,0.4013
1012,0,0.4013
1013,1,0.7006
1014,0,0.4013
1015,0,0.4013
1016,0,0.4013
1017,0,0.4013
1018,1,0.525
1019,0,0.4013
1020,0,0.4013
1021,0,0.4013
1022,0,0.4013
1023,0,0.4013
1024,0,0.4013
1025,0,0.4013
1026,0,0.4013
1027,0,0.4013
1028,0,0.4013
1029,0,0.4013
1030,0,0.4013
1031,0,0.3318
1032,0,0.4013
1033,0,0.4013
1034,0,0.4626
1035,0,0.4013
1036,0,0.4013
1037,0,0.4013
1038,0,0.4013
1039,0,0.4013
1040,0,0.4013
1041,0,0.3318
1042,0,0.4013
1043,0,0.4013
1044,0,0.4013
1045,1,0.5744
1046,0,0.2891
1047,0,0.4013
1048,0,0.3318
1049,0,0.4626
1050,0,0.3318
1051,0,0.4013
1052,0,0.4013
1053,0,0.4013
1054,0,0.4013
1055,0,0.4013
1056,0,0.4013
1057,0,0.3318
1058,0,0.4013
1059,0,0.4013
1060,0,0.4013
1061,0,0.4013
1062,0,0.4013
1063,1,0.5498
1064,0,0.4013
1065,1,0.8249
1066,0,0.4013
1067,0,0.3318
1068,0,0.4013
1069,0,0.4013
1070,0,0.4013
1071,0,0.4013
1072,0,0.4013
1073,0,0.4013
1074,0,0.4013
1075,0,0.4013
1076,0,0.4013
1077,0,0.4013
1078,0,0.4013
1079,0,0.4875
1080,0,0.4013
1081,1,0.657
1082,0,0.3318
1083,0,0.4013
1084,0,0.4013
1085,0,0.4013
1086,1,0.6106
1087,0,0.4013
1088,0,0.4013
1089,0,0.4013
1090,0,0.4013
1091,0,0.3318
1092,0,0.4013
1093,0,0.4013
1094,0,0.4013
1095,0,0.3318
1096,0,0.4013
1097,1,0.7109
1098,0,0.4013
1099,1,0.5744
1100,1,0.5744
1101,1,0.6106
1102,0,0.4013
1103,0,0.4013
1104,0,0.4013
1105,1,0.525
1106,0,0.4013
1107,0,0.3318
1108,0,0.4013
1109,1,0.5744
1110,1,0.657
1111,0,0.4013
1112,0,0.4875
1113,1,0.6225
1114,0,0.4013
1115,0,0.4013
1116,0,0.4013
1117,0,0.4013
1118,0,0.4013
1119,0,0.4013
1120,0,0.4013
1121,0,0.4013
1122,0,0.4626
1123,0,0.4875
1124,0,0.4013
1125,0,0.4875
1126,0,0.3318
1127,0,0.4013
1128,0,0.4626
1129,1,0.6106
1130,1,0.7685
1131,0,0.4013
1132,0,0.4013
1133,0,0.4013
1134,0,0.4013
1135,0,0.4626
1136,0,0.4013
1137,0,0.4013
1138,0,0.4013
1139,0,0.4013
1140,0,0.4013
1141,0,0.3318
1142,0,0.4013
1143,0,0.4013
1144,0,0.4013
1145,0,0.4013
1146,0,0.4013
1147,0,0.4013
1148,0,0.4013
1149,0,0.4013
1150,0,0.4013
1151,0,0.4013
1152,0,0.4013
1153,0,0.4013
1154,0,0.3318
1155,1,0.6682
1156,1,0.5498
1157,0,0.4013
1158,0,0.4013
1159,0,0.4013
1160,0,0.4013
1161,1,0.7685
1162,0,0.4013
1163,0,0.4013
1164,0,0.4013
1165,0,0.4013
1166,0,0.4013
1167,0,0.4013
1168,0,0.4013
1169,0,0.4013
1170,0,0.4013
1171,0,0.4013
1172,0,0.4013
1173,0,0.3318
1174,0,0.4013
1175,0,0.4013
1176,0,0.4013
1177,0,0.4013
1178,0,0.4013
1179,0,0.4013
1180,0,0.4013
1181,0,0.4013
1182,0,0.4013
1183,0,0.4013
1184,0,0.4013
1185,0,0.4013
1186,0,0.4013
1187,0,0.4013
1188,0,0.4013
1189,0,0.4013
1190,0,0.4013
1191,0,0.4013
1192,1,0.7006
1193,0,0.4013
1194,1,0.6682
1195,0,0.4875
1196,0,0.4013
1197,1,0.5374
1198,1,0.8022
1199,0,0.3318
1200,0,0.3318
1201,0,0.4013
1202,0,0.4013
1203,0,0.4013
1204,1,0.6106
1205,1,0.6106
1206,0,0.3318
1207,0,0.4013
1208,0,0.4013
1209,0,0.4013
1210,0,0.4013
1211,0,0.4502
1212,0,0.4013
1213,0,0.4013
1214,0,0.4013
1215,0,0.4013
1216,0,0.4013
1217,0,0.4875
1218,0,0.4013
1219,0,0.3318
1220,0,0.4013
1221,0,0.4013
1222,0,0.4013
1223,0,0.4626
1224,1,0.5498
1225,1,0.657
1226,0,0.4013
1227,1,0.5744
1228,0,0.4875
1229,0,0.4013
1230,0,0.4013
1231,0,0.4013
1232,0,0.4013
1233,0,0.4013
1234,0,0.4013
1235,0,0.4013
1236,0,0.4013
1237,0,0.4013
1238,1,0.6225
1239,0,0.4013
1240,0,0.4013
1241,0,0.4013
1242,1,0.5744
1243,0,0.4013
1244,0,0.2891
1245,1,0.7006
1246,1,0.852
1247,1,0.7006
1248,1,0.7006
1249,1,0.7006
1250,0,0.3318
1251,0,0.4013
1252,1,0.6225
1253,0,0.4013
1254,0,0.4013
1255,0,0.4013
1256,0,0.4013
1257,0,0.4013
1258,0,0.3318
1259,0,0.4013
1260,0,0.4013
1261,0,0.4013
1262,0,0.4013
1263,0,0.4013
1264,1,0.7685
1265,0,0.4013
1266,0,0.4013
1267,1,0.9241
1268,0,0.4013
1269,0,0.4013
1270,0,0.4013
1271,0,0.4013
1272,1,0.5
1273,1,0.5744
1274,0,0.4013
1275,0,0.4013
1276,0,0.4013
1277,0,0.4013
1278,0,0.4013
1279,1,0.6682
1280,0,0.4013
1281,0,0.4875
1282,0,0.4013
1283,1,0.5374
1284,0,0.4013
1285,1,0.7109
1286,1,0.6106
1287,0,0.4013
1288,0,0.4013
1289,0,0.3318
1290,1,0.6106
1291,1,0.6106
1292,0,0.4875
1293,0,0.4013
1294,0,0.4013
1295,0,0.4875
1296,0,0.4013
1297,0,0.4013
1298,0,0.4013
1299,1,0.657
1300,0,0.4013
1301,0,0.4875
1302,0,0.4013
1303,0,0.4013
1304,0,0.4013
1305,0,0.4013
1306,0,0.4013
1307,0,0.4013
1308,0,0.4013
1309,1,0.6225
1310,0,0.4013
1311,0,0.4013
1312,0,0.4013
1313,0,0.4013
1314,1,0.7006
1315,0,0.4013
1316,1,0.5744
1317,0,0.4013
1318,1,0.7311
1319,0,0.4013
1320,0,0.4013
1321,0,0.4013
1322,0,0.4013
1323,0,0.4013
1324,1,0.7006
1325,0,0.4013
1326,0,0.4013
1327,0,0.4013
1328,0,0.4875
1329,0,0.4013
1330,0,0.4013
1331,0,0.4013
1332,0,0.4013
1333,0,0.4013
1334,0,0.4013
1335,0,0.4013
1336,0,0.4013
1337,1,0.6106
1338,0,0.4013
1339,0,0.4013
1340,0,0.3318
1341,0,0.4013
1342,0,0.4013
1343,0,0.4013
1344,1,0.6106
1345,1,0.525
1346,0,0.4013
1347,0,0.3318
1348,0,0.4013
1349,0,0.4013
1350,0,0.4013
1351,0,0.4013
1352,0,0.4013
1353,0,0.4013
1354,0,0.4013
1355,0,0.4013
1356,0,0.4626
1357,0,0.4013
1358,0,0.4013
1359,0,0.4013
1360,0,0.4013
1361,1,0.7006
1362,0,0.4013
1363,0,0.4013
1364,0,0.4013
1365,0,0.4013
1366,1,0.6225
1367,0,0.4013
1368,1,0.525
1369,0,0.4013
1370,0,0.4013
1371,0,0.4626
1372,0,0.4013
1373,0,0.4013
1374,0,0.4013
1375,1,0.6106
1376,0,0.3318
1377,0,0.4013
1378,0,0.4013
1379,0,0.4013
1380,0,0.4013
1381,0,0.4013
1382,1,0.6106
1383,1,0.5744
1384,0,0.4875
1385,1,0.5374
1386,0,0.4013
1387,1,0.6106
1388,1,0.5744
1389,0,0.4013
1390,0,0.4013
1391,0,0.3318
1392,0,0.4013
1393,0,0.4013
1394,0,0.4013
1395,0,0.4013
1396,0,0.4013
1397,1,0.7109
1398,0,0.4013
1399,0,0.3318
1400,0,0.4013
1401,1,0.5744
1402,1,0.6106
1403,0,0.4013
1404,0,0.4013
1405,0,0.4013
1406,1,0.7006
1407,0,0.4013
1408,0,0.4013
1409,1,0.6106
1410,0,0.4013
1411,0,0.4013
1412,0,0.4013
1413,0,0.4013
1414,1,0.7006
1415,0,0.4013
1416,0,0.4013
1417,0,0.4013
1418,0,0.4013
1419,1,0.5744
1420,0,0.4013
1421,0,0.4013
1422,1,0.5744
1423,0,0.4013
1424,0,0.4013
1425,0,0.3318
1426,0,0.4013
1427,0,0.4013
1428,0,0.3318
1429,1,0.7006
1430,0,0.4013
1431,0,0.3318
1432,0,0.4013
1433,0,0.4013
1434,0,0.4013
1435,0,0.4013
1436,0,0.4013
1437,0,0.4013
1438,0,0.4013
1439,0,0.4013
1440,0,0.4013
1441,1,0.6106
1442,1,0.7006
1443,0,0.4013
1444,0,0.4013
1445,0,0.4013
1446,0,0.4013
1447,0,0.4013
1448,0,0.4013
1449,0,0.4013
1450,0,0.4013
1451,0,0.4013
1452,1,0.6225
1453,0,0.4013
1454,0,0.4013
1455,0,0.4013
1456,0,0.4013
1457,1,0.5744
1458,1,0.7006
1459,0,0.4013
1460,0,0.4013
1461,0,0.4013
1462,0,0.4013
1463,0,0.3318
1464,0,0.4013
1465,1,0.5744
1466,0,0.4013
1467,0,0.4013
1468,0,0.4013
1469,0,0.4013
1470,1,0.6106
1471,0,0.4013
1472,0,0.4013
1473,0,0.4013
1474,0,0.4013
1475,0,0.4013
1476,0,0.3318
1477,1,0.525
1478,0,0.4013
1479,0,0.4013
1480,0,0.4013
1481,0,0.4013
1482,0,0.4013
1483,0,0.4013
1484,0,0.4013
1485,0,0.4875
1486,0,0.4013
1487,0,0.4013
1488,0,0.4013
1489,1,0.525
1490,0,0.4013
1491,0,0.4013
1492,0,0.4013
1493,0,0.4013
1494,0,0.4013
1495,1,0.5744
1496,0,0.4013
1497,0,0.4875
1498,0,0.4013
1499,0,0.4013
1500,0,0.4013
1501,0,0.4013
1502,1,0.6106
1503,1,0.5374
1504,1,0.7109
1505,1,0.525
1506,0,0.4013
1507,0,0.3318
1508,1,0.7595
1509,0,0.4013
1510,1,0.525
1511,1,0.525
1512,1,0.6225
1513,0,0.4013
1514,0,0.4013
1515,0,0.4013
1516,0,0.4013
1517,0,0.4013
1518,0,0.4013
1519,0,0.4013
1520,1,0.7006
1521,0,0.4013
1522,0,0.4013
1523,0,0.4013
1524,0,0.4013
1525,0,0.4013
1526,1,0.6106
1527,0,0.4013
1528,0,0.3318
1529,0,0.4013
1530,0,0.4013
1531,0,0.4013
1532,0,0.4013
1533,0,0.4013
1534,0,0.4013
1535,0,0.4013
1536,0,0.4013
1537,0,0.4013
1538,0,0.4013
1539,0,0.4013
1540,0,0.4013
1541,0,0.4875
1542,0,0.4013
1543,0,0.4013
1544,0,0.3318
1545,0,0.4013
1546,1,0.525
1547,0,0.4013
1548,0,0.4013
1549,0,0.4013
1550,1,0.525
1551,0,0.3318
1552,1,0.5744
1553,0,0.4013
1554,0,0.4013
1555,0,0.4013
1556,0,0.4013
1557,0,0.4013
1558,1,0.5744
1559,0,0.4013
1560,0,0.4013
1561,0,0.3318
1562,0,0.4013
1563,0,0.4013
1564,0,0.4013
1565,0,0.4013
1566,0,0.4013
1567,0,0.4013
1568,0,0.4013
1569,1,0.7006
1570,0,0.4013
1571,0,0.4013
1572,0,0.3318
1573,1,0.6106
1574,0,0.4013
1575,0,0.4013
1576,0,0.4013
1577,0,0.4013
1578,0,0.4013
1579,0,0.4013
1580,0,0.4013
1581,0,0.4013
1582,0,0.3318
1583,0,0.4013
1584,0,0.4013
1585,0,0.4013
1586,0,0.4013
1587,0,0.3318
1588,0,0.4013
1589,1,0.5744
1590,0,0.4013
1591,0,0.3318
1592,0,0.4013
1593,0,0.4013
1594,1,0.5744
1595,0,0.4013
1596,0,0.3318
1597,0,0.4013
1598,0,0.4013
1599,0,0.4013
1600,0,0.4013
1601,0,0.4013
1602,0,0.4013
1603,1,0.6106
1604,0,0.3318
1605,0,0.4013
1606,0,0.3318
1607,0,0.3318
1608,0,0.4013
1609,1,0.6106
1610,1,0.657
1611,0,0.4013
1612,0,0.4013
1613,1,0.5744
1614,0,0.4013
1615,0,0.3318
1616,0,0.4013
1617,0,0.4013
1618,0,0.4013
1619,0,0.4013
1620,0,0.4013
1621,0,0.4013
1622,0,0.4013
1623,0,0.4013
1624,0,0.4013
1625,0,0.4013
1626,0,0.4013
1627,0,0.4013
1628,0,0.4013
1629,0,0.4013
1630,0,0.4013
1631,0,0.4013
1632,0,0.4013
1633,0,0.3318
1634,0,0.4013
1635,0,0.4013
1636,0,0.4013
1637,0,0.4013
1638,0,0.4013
1639,0,0.4013
1640,0,0.4013
1641,0,0.4013
1642,0,0.4013
1643,0,0.4013
1644,0,0.4013
1645,0,0.4013
1646,0,0.4013
1647,0,0.4013
1648,0,0.4013
1649,0,0.4013
1650,0,0.4626
1651,0,0.4013
1652,0,0.4013
1653,0,0.4013
1654,0,0.4013
1655,1,0.8455
1656,0,0.2891
1657,0,0.4013
1658,1,0.5744
1659,0,0.4013
1660,0,0.4013
1661,0,0.4013
1662,1,0.525
1663,0,0.4013
1664,0,0.4013
1665,0,0.4013
1666,0,0.3318
1667,0,0.4875
1668,1,0.5744
1669,1,0.6106
1670,0,0.4013
1671,0,0.4013
1672,0,0.4013
1673,0,0.4013
1674,0,0.4013
1675,0,0.4013
1676,0,0.4013
1677,0,0.4013
1678,0,0.4013
1679,0,0.4013
1680,1,0.6106
1681,0,0.4013
1682,1,0.6106
1683,0,0.4013
1684,0,0.4013
1685,0,0.4875
1686,0,0.3318
1687,0,0.3318
1688,0,0.4013
1689,0,0.4013
1690,0,0.4013
1691,1,0.657
1692,0,0.4013
1693,0,0.4013
1694,0,0.4013
1695,0,0.4013
1696,0,0.4013
1697,0,0.4013
1698,0,0.4013
1699,0,0.4013
1700,0,0.4013
1701,0,0.4013
1702,0,0.4013
1703,0,0.4013
1704,0,0.4875
1705,0,0.4013
1706,0,0.4013
1707,1,0.5744
1708,0,0.4013
1709,0,0.4013
1710,0,0.4013
1711,0,0.4013
1712,0,0.4013
1713,0,0.4013
1714,0,0.4013
1715,0,0.4875
1716,0,0.4013
1717,1,0.7773
1718,0,0.4013
1719,0,0.4013
1720,1,0.5374
1721,0,0.4013
1722,0,0.4013
1723,0,0.4013
1724,0,0.3318
1725,0,0.4013
1726,0,0.4013
1727,0,0.4013
1728,0,0.4013
1729,0,0.4013
1730,0,0.4013
1731,0,0.4013
1732,1,0.7006
1733,0,0.4013
1734,0,0.4013
1735,0,0.4013
1736,0,0.4013
1737,0,0.4013
1738,1,0.6106
1739,0,0.4013
1740,0,0.4013
1741,0,0.4013
1742,1,0.6106
1743,0,0.4013
1744,1,0.5374
1745,0,0.4013
1746,0,0.3318
1747,1,0.525
1748,0,0.4013
1749,1,0.6106
1750,0,0.4013
1751,0,0.4013
1752,0,0.3318
1753,0,0.4013
1754,0,0.4013
1755,0,0.4013
1756,1,0.7006
1757,0,0.3318
1758,0,0.4013
1759,0,0.4013
1760,0,0.4013
1761,0,0.4013
1762,0,0.4013
1763,1,0.5744
1764,0,0.4013
1765,0,0.4013
1766,0,0.4013
1767,1,0.7006
1768,0,0.4013
1769,1,0.5744
1770,0,0.4013
1771,0,0.4013
1772,0,0.3318
1773,1,0.525
1774,1,0.6682
1775,0,0.4013
1776,0,0.4013
1777,1,0.525
1778,1,0.6225
1779,1,0.5374
1780,0,0.4013
1781,0,0.4013
1782,0,0.4013
1783,0,0.3318
1784,0,0.4013
1785,0,0.4013
1786,1,0.6106
1787,0,0.3318
1788,0,0.4013
1789,0,0.4013
1790,0,0.4013
1791,0,0.3318
1792,1,0.5374
1793,0,0.4013
1794,0,0.4013
1795,0,0.4013
1796,0,0.4013
1797,0,0.4013
1798,0,0.4013
1799,0,0.4013
1800,1,0.525
1801,0,0.4013
1802,1,0.7006
1803,0,0.4013
1804,0,0.4013
1805,0,0.4013
1806,1,0.6682
1807,0,0.4013
1808,0,0.3318
1809,0,0.4013
1810,0,0.4013
1811,0,0.4013
1812,0,0.4013
1813,1,0.525
1814,0,0.4013
1815,0,0.3318
1816,0,0.4013
1817,0,0.4013
1818,0,0.4013
1819,0,0.4013
1820,0,0.4013
1821,1,0.8249
1822,0,0.4013
1823,1,0.7006
1824,0,0.4013
1825,0,0.4013
1826,0,0.4013
1827,0,0.4013
1828,1,0.5498
1829,1,0.7006
1830,0,0.4013
1831,0,0.4013
1832,0,0.4013
1833,0,0.4013
1834,0,0.4013
1835,0,0.4013
1836,0,0.4013
1837,0,0.4013
1838,0,0.4626
1839,0,0.4013
1840,0,0.4013
1841,0,0.4013
1842,0,0.4013
1843,0,0.4013
1844,1,0.5744
1845,0,0.4013
1846,0,0.4013
1847,0,0.4013
1848,0,0.4875
1849,0,0.4013
1850,0,0.3318
1851,0,0.3318
1852,0,0.4013
1853,1,0.6106
1854,0,0.4013
1855,0,0.4013
1856,0,0.4013
1857,0,0.4013
1858,0,0.4013
1859,0,0.4013
1860,0,0.4013
1861,1,0.5374
1862,1,0.5744
1863,0,0.4013
1864,0,0.4013
1865,0,0.4013
1866,0,0.4013
1867,0,0.3318
1868,0,0.4013
1869,0,0.4013
1870,1,0.525
1871,1,0.5744
1872,0,0.4013
1873,0,0.4013
1874,0,0.4013
1875,0,0.3318
1876,0,0.4013
1877,0,0.4013
1878,0,0.3318
1879,0,0.4013
1880,0,0.4013
1881,0,0.4013
1882,0,0.4013
1883,0,0.2689
1884,0,0.4013
1885,0,0.4013
1886,0,0.4013
1887,0,0.4875
1888,0,0.3318
1889,0,0.3318
1890,0,0.4013
1891,0,0.4013
1892,0,0.4013
1893,0,0.4013
1894,0,0.3318
1895,0,0.4013
1896,0,0.4013
1897,0,0.4013
1898,1,0.7109
1899,0,0.4013
1900,1,0.7006
1901,0,0.4013
1902,0,0.4013
1903,0,0.4013
1904,0,0.4013
1905,0,0.4013
1906,0,0.4013
1907,0,0.3318
1908,0,0.4013
1909,0,0.4013
1910,0,0.4013
1911,0,0.4013
1912,0,0.4013
1913,0,0.4013
1914,0,0.4013
1915,0,0.4013
1916,0,0.4013
1917,0,0.4013
1918,0,0.4013
1919,0,0.4013
1920,0,0.4013
1921,1,0.6106
1922,0,0.4013
1923,0,0.4013
1924,0,0.4013
1925,0,0.4013
1926,0,0.4013
1927,1,0.6106
1928,0,0.4013
1929,1,0.7006
1930,0,0.4013
1931,0,0.4013
1932,0,0.3318
1933,0,0.4013
1934,0,0.4013
1935,0,0.4013
1936,1,0.7773
1937,1,0.6106
1938,0,0.4013
1939,0,0.4013
1940,0,0.3318
1941,1,0.5744
1942,0,0.4013
1943,0,0.4013
1944,0,0.4013
1945,1,0.6225
1946,0,0.3318
1947,1,0.8581
1948,1,0.6106
1949,0,0.4013
1950,0,0.4013
1951,1,0.6106
1952,0,0.4013
1953,0,0.4013
1954,0,0.4013
1955,0,0.4013
1956,0,0.4013
1957,0,0.4013
1958,0,0.4013
1959,0,0.4013
1960,0,0.4013
1961,0,0.3318
1962,0,0.4013
1963,0,0.4013
1964,0,0.4013
1965,0,0.4013
1966,1,0.6106
1967,0,0.4013
1968,0,0.4875
1969,0,0.4013
1970,1,0.6106
1971,0,0.4013
1972,0,0.3318
1973,1,0.5744
1974,1,0.7006
1975,0,0.4013
1976,0,0.4013
1977,0,0.3318
1978,0,0.4013
1979,0,0.4013
1980,0,0.4013
1981,0,0.4013
1982,0,0.4013
1983,0,0.3318
1984,1,0.6106
1985,0,0.4013
1986,0,0.4013
1987,0,0.3318
1988,0,0.4013
1989,0,0.4013
1990,0,0.3318
1991,0,0.4013
1992,0,0.4013
1993,0,0.4013
1994,0,0.4013
1995,0,0.4013
1996,0,0.4013
1997,0,0.4013
1998,1,0.6106
1999,0,0.4013
2000,0,0.4013
2001,1,0.5498
2002,0,0.3318
2003,0,0.4875
2004,0,0.4013
2005,0,0.4013
2006,0,0.4013
2007,0,0.4013
2008,0,0.4013
2009,0,0.4013
2010,0,0.4013
2011,0,0.4013
2012,0,0.3318
2013,0,0.4013
2014,1,0.5744
2015,1,0.5
2016,0,0.4013
2017,0,0.4013
2018,0,0.4013
2019,0,0.4013
2020,1,0.5744
2021,0,0.4875
2022,0,0.4013
2023,0,0.4013
2024,0,0.4013
2025,0,0.4013
2026,0,0.4013
2027,0,0.4875
2028,0,0.4013
2029,1,0.5744
2030,0,0.4013
2031,0,0.4013
2032,1,0.6106
2033,0,0.4013
2034,0,0.4013
2035,0,0.4013
2036,0,0.4013
2037,0,0.4013
2038,0,0.4013
2039,1,0.5374
2040,0,0.4013
2041,0,0.4013
2042,0,0.4013
2043,1,0.6106
2044,1,0.6682
2045,0,0.4013
2046,0,0.4013
2047,0,0.4013
2048,1,0.5744
2049,0,0.4013
2050,0,0.4013
2051,0,0.4013
2052,0,0.4013
2053,1,0.7109
2054,0,0.4013
2055,0,0.4013
2056,0,0.4013
2057,0,0.4013
2058,1,0.525
2059,0,0.4013
2060,0,0.4013
2061,0,0.4502
2062,1,0.6682
2063,0,0.3318
2064,0,0.4013
2065,0,0.4013
2066,1,0.6225
2067,0,0.4013
2068,1,0.525
2069,0,0.3318
2070,0,0.4013
2071,0,0.4013
2072,0,0.4013
2073,1,0.5374
2074,0,0.3318
2075,0,0.4013
2076,0,0.4013
2077,0,0.4013
2078,0,0.4013
2079,0,0.4013
2080,0,0.4875
2081,0,0.4013
2082,1,0.69
2083,0,0.4013
2084,0,0.4013
2085,0,0.4875
2086,1,0.6106
2087,0,0.4013
2088,0,0.4013
2089,0,0.4013
2090,0,0.4013
2091,0,0.4013
2092,0,0.4013
2093,1,0.5744
2094,0,0.4013
2095,0,0.4013
2096,0,0.3318
2097,0,0.4013
2098,1,0.525
2099,0,0.4013
2100,1,0.525
2101,0,0.3318
2102,1,0.6682
2103,0,0.4013
2104,0,0.4013
2105,0,0.4013
2106,0,0.3318
2107,1,0.6106
2108,0,0.4013
2109,0,0.3318
2110,0,0.3318
2111,0,0.4013
2112,0,0.4013
2113,0,0.4013
2114,0,0.4013
2115,0,0.4013
2116,0,0.4013
2117,1,0.525
2118,0,0.4013
2119,0,0.4013
2120,0,0.4013
2121,1,0.7109
2122,1,0.5744
2123,0,0.4013
2124,0,0.3318
2125,0,0.4013
2126,0,0.4013
2127,0,0.4013
2128,0,0.4013
2129,0,0.4013
2130,0,0.4013
2131,0,0.4013
2132,0,0.4013
2133,0,0.4013
2134,1,0.6682
2135,0,0.4013
2136,0,0.4013
2137,0,0.4013
2138,0,0.4013
2139,0,0.4875
2140,1,0.6106
2141,0,0.4875
2142,0,0.4013
2143,0,0.4013
2144,0,0.4013
2145,0,0.4013
2146,1,0.5744
2147,0,0.4013
2148,0,0.4875
2149,1,0.7311
2150,0,0.4013
2151,0,0.4013
2152,1,0.7006
2153,0,0.4013
2154,0,0.4013
2155,0,0.4013
2156,0,0.4013
2157,0,0.4013
2158,0,0.4013
2159,0,0.4013
2160,0,0.4013
2161,0,0.4013
2162,1,0.7006
2163,0,0.4013
2164,0,0.4013
2165,1,0.525
2166,0,0.4013
2167,0,0.4013
2168,0,0.4013
2169,1,0.5744
2170,0,0.4013
2171,0,0.4013
2172,0,0.4013
2173,0,0.4013
2174,1,0.7006
2175,0,0.4013
2176,1,0.525
2177,0,0.4013
2178,1,0.5744
2179,0,0.4013
2180,0,0.4013
2181,0,0.4013
2182,0,0.2891
2183,0,0.4013
2184,0,0.4013
2185,0,0.3318
2186,1,0.7109
2187,0,0.4013
2188,0,0.4013
2189,0,0.4013
2190,1,0.6106
2191,1,0.6682
2192,0,0.4013
2193,0,0.4013
2194,0,0.4013
2195,0,0.3318
2196,0,0.4013
2197,0,0.4013
2198,0,0.4013
2199,0,0.4013
2200,0,0.4013
2201,0,0.4013
2202,0,0.4013
2203,1,0.7006
2204,0,0.4013
2205,0,0.4013
2206,0,0.4013
2207,0,0.4013
2208,1,0.7109
2209,0,0.4013
2210,0,0.4013
2211,0,0.4013
2212,0,0.4013
2213,0,0.3318
2214,0,0.4013
2215,1,0.6225
2216,0,0.4013
2217,1,0.5744
2218,0,0.4013
2219,1,0.7006
2220,0,0.4013
2221,0,0.4013
2222,0,0.4013
2223,0,0.4875
2224,0,0.4013
2225,0,0.4013
2226,0,0.4875
2227,1,0.5744
2228,1,0.6106
2229,0,0.4013
2230,0,0.4013
2231,0,0.4013
2232,0,0.4013
2233,0,0.4013
2234,0,0.4013
2235,0,0.3318
2236,0,0.4013
2237,0,0.3318
2238,0,0.4013
2239,1,0.7595
2240,0,0.4875
2241,1,0.5744
2242,0,0.4013
2243,0,0.4013
2244,0,0.4013
2245,0,0.3318
2246,0,0.4013
2247,0,0.4875
2248,0,0.4013
2249,0,0.4013
2250,1,0.525
2251,0,0.4013
2252,1,0.525
2253,0,0.4013
2254,0,0.4013
2255,0,0.4013
2256,1,0.5744
2257,0,0.4013
2258,1,0.5498
2259,0,0.4013
2260,0,0.4013
2261,0,0.4013
2262,0,0.4013
2263,0,0.4626
2264,0,0.4013
2265,0,0.4013
2266,0,0.4013
2267,0,0.4013
2268,0,0.4013
2269,0,0.4013
2270,0,0.4013
2271,0,0.4013
2272,1,0.5744
2273,0,0.4013
2274,0,0.4013
2275,0,0.4013
2276,0,0.4013
2277,0,0.4013
2278,0,0.4013
2279,0,0.3318
2280,1,0.7006
2281,1,0.7006
2282,0,0.4013
2283,0,0.4013
2284,0,0.4013
2285,0,0.4013
2286,0,0.4013
2287,1,0.7006
2288,0,0.4013
2289,0,0.4013
2290,0,0.4013
2291,1,0.5744
2292,0,0.4013
2293,1,0.657
2294,1,0.6682
2295,0,0.4875
2296,0,0.3318
2297,0,0.4013
2298,1,0.5744
2299,0,0.4875
2300,0,0.4013
2301,0,0.4013
2302,0,0.4013
2303,0,0.4013
2304,0,0.4013
2305,1,0.7006
2306,1,0.7006
2307,0,0.4013
2308,0,0.4013
2309,0,0.4013
2310,0,0.4013
2311,1,0.525
2312,0,0.4013
2313,0,0.4013
2314,0,0.4013
2315,0,0.4013
2316,0,0.4013
2317,0,0.3318
2318,0,0.4013
2319,0,0.4013
2320,0,0.4013
2321,0,0.4013
2322,0,0.4013
2323,0,0.4013
2324,0,0.4013
2325,0,0.4013
2326,0,0.4013
2327,0,0.4013
2328,0,0.4013
2329,0,0.4013
2330,1,0.6225
2331,0,0.4013
2332,0,0.4013
2333,0,0.4013
2334,0,0.4013
2335,0,0.4013
2336,1,0.7595
2337,0,0.4013
2338,0,0.4013
2339,0,0.3318
2340,0,0.4013
2341,0,0.4013
2342,0,0.4013
2343,0,0.4013
2344,0,0.4013
2345,0,0.4013
2346,0,0.4013
2347,0,0.4013
2348,0,0.4013
2349,0,0.4013
2350,0,0.4013
2351,0,0.4013
2352,0,0.4013
2353,0,0.4013
2354,0,0.4626
2355,0,0.4013
2356,1,0.7109
2357,0,0.4013
2358,1,0.5744
2359,1,0.6106
2360,0,0.4013
2361,0,0.4013
2362,0,0.4013
2363,0,0.4013
2364,1,0.7006
2365,0,0.4013
2366,0,0.4013
2367,0,0.3318
2368,0,0.4013
2369,0,0.4013
2370,0,0.4013
2371,0,0.4013
2372,0,0.4013
2373,0,0.4013
2374,0,0.4013
2375,0,0.4013
2376,0,0.4013
2377,0,0.4013
2378,0,0.4013
2379,0,0.3318
2380,0,0.4013
2381,1,0.525
2382,1,0.6682
2383,1,0.7006
2384,0,0.4013
2385,0,0.4013
2386,0,0.4013
2387,0,0.4013
2388,0,0.4013
2389,0,0.4013
2390,0,0.3318
2391,0,0.4013
2392,0,0.4013
2393,0,0.4013
2394,0,0.4013
2395,0,0.4013
2396,0,0.4013
2397,0,0.3318
2398,0,0.4013
2399,0,0.4013
2400,0,0.4013
2401,0,0.4013
2402,0,0.4013
2403,1,0.6106
2404,0,0.4013
2405,1,0.525
2406,0,0.4013
2407,0,0.4013
2408,0,0.4013
2409,0,0.4013
2410,0,0.4013
2411,0,0.4626
2412,0,0.4013
2413,0,0.4013
2414,1,0.6682
2415,0,0.4013
2416,0,0.4013
2417,0,0.4013
2418,1,0.5744
2419,0,0.4013
2420,0,0.4013
2421,1,0.5374
2422,0,0.4013
2423,0,0.4013
2424,0,0.4013
2425,0,0.4013
2426,0,0.4013
2427,0,0.4013
2428,0,0.4013
2429,0,0.4013
2430,0,0.4013
2431,1,0.7685
2432,1,0.7109
2433,0,0.3318
2434,0,0.4013
2435,0,0.4013
2436,0,0.4013
2437,0,0.4013
2438,0,0.4013
2439,1,0.5987
2440,0,0.4013
2441,0,0.4013
2442,0,0.4013
2443,0,0.4013
2444,0,0.4013
2445,0,0.4013
2446,0,0.4013
2447,0,0.4013
2448,0,0.4013
2449,0,0.3318
2450,0,0.4013
2451,0,0.4013
2452,0,0.4013
2453,0,0.4013
2454,0,0.4013
2455,0,0.4013
2456,0,0.4013
2457,1,0.6106
2458,0,0.4013
2459,0,0.4013
2460,0,0.4013
2461,0,0.4875
2462,0,0.4013
2463,1,0.6106
2464,1,0.5744
2465,1,0.7006
2466,0,0.4013
2467,0,0.4013
2468,0,0.4013
2469,1,0.6106
2470,0,0.4013
2471,0,0.4013
2472,0,0.3318
2473,0,0.4013
2474,0,0.4013
2475,0,0.4013
2476,0,0.4013
2477,0,0.4013
2478,0,0.4013
2479,1,0.7503
2480,0,0.4013
2481,0,0.4013
2482,0,0.4013
2483,0,0.4013
2484,0,0.4013
2485,0,0.4013
2486,1,0.7006
2487,0,0.4875
2488,0,0.4013
2489,0,0.2891
2490,0,0.4013
2491,1,0.525
2492,0,0.4013
2493,0,0.4013
2494,0,0.4013
2495,0,0.4013
2496,0,0.4013
2497,0,0.4013
2498,0,0.4013
2499,0,0.4013
2500,1,0.5744
2501,0,0.4013
2502,0,0.4013
2503,0,0.4013
2504,0,0.4013
2505,0,0.4013
2506,0,0.4013
2507,0,0.4013
2508,0,0.4626
2509,0,0.4013
2510,0,0.4013
2511,0,0.4013
2512,0,0.4013
2513,1,0.7006
2514,0,0.4875
2515,0,0.4013
2516,1,0.5744
2517,0,0.4626
2518,0,0.4013
2519,0,0.4013
2520,0,0.4013
2521,0,0.4013
2522,0,0.4013
2523,0,0.4013
2524,0,0.4013
2525,0,0.4013
2526,0,0.4013
2527,0,0.4013
2528,0,0.4013
2529,0,0.4013
2530,0,0.4013
2531,0,0.4013
2532,1,0.5744
2533,0,0.4013
2534,0,0.4013
2535,0,0.4013
2536,0,0.4013
2537,0,0.4875
2538,0,0.4013
2539,0,0.4013
2540,0,0.4013
2541,1,0.5
2542,0,0.4013
2543,0,0.4013
2544,0,0.4013
2545,0,0.4013
2546,0,0.4013
2547,0,0.4013
2548,0,0.3318
2549,1,0.525
2550,0,0.4013
2551,0,0.4875
2552,0,0.4013
2553,0,0.4013
2554,0,0.4013
2555,0,0.4013
2556,0,0.4013
2557,1,0.5374
2558,1,0.525
2559,1,0.6106
2560,1,0.525
2561,0,0.4013
2562,0,0.4013
2563,0,0.4013
2564,0,0.3318
2565,0,0.4013
2566,0,0.4013
2567,0,0.4013
2568,0,0.4013
2569,0,0.4013
2570,0,0.4875
2571,0,0.4013
2572,0,0.4013
2573,0,0.4013
2574,0,0.4013
2575,1,0.5744
2576,0,0.4013
2577,0,0.4013
2578,0,0.4013
2579,0,0.4013
2580,0,0.4013
2581,1,0.5744
2582,1,0.7006
2583,0,0.4013
2584,0,0.4013
2585,1,0.6106
2586,0,0.4013
2587,0,0.4013
2588,0,0.4013
2589,1,0.5
2590,0,0.4013
2591,0,0.4013
2592,1,0.6106
2593,0,0.4013
2594,0,0.4013
2595,0,0.4013
2596,1,0.5744
2597,0,0.4013
2598,0,0.4013
2599,0,0.4013
2600,0,0.4013
2601,0,0.3318
2602,0,0.3318
2603,0,0.4013
2604,1,0.7109
2605,0,0.4013
2606,0,0.4013
2607,0,0.4013
2608,0,0.4013
2609,1,0.7006
2610,0,0.4013
2611,0,0.4875
2612,1,0.6106
2613,0,0.4013
2614,0,0.4013
2615,0,0.4013
2616,0,0.4013
2617,0,0.4875
2618,0,0.4013
2619,1,0.7006
2620,1,0.7006
2621,0,0.4013
2622,0,0.4013
2623,0,0.4013
2624,0,0.4013
2625,0,0.4013
2626,0,0.4013
2627,0,0.3318
2628,1,0.6106
2629,0,0.4013
2630,0,0.3318
2631,0,0.4013
2632,0,0.4013
2633,0,0.4013
2634,0,0.4013
2635,0,0.4013
2636,0,0.4626
2637,0,0.4875
2638,0,0.4013
2639,0,0.4013
2640,0,0.4013
2641,0,0.3318
2642,0,0.4875
2643,0,0.4013
2644,0,0.4013
2645,1,0.7685
2646,0,0.4013
2647,0,0.4013
2648,0,0.4013
2649,1,0.525
2650,0,0.4013
2651,0,0.4013
2652,0,0.3318
2653,0,0.4013
2654,1,0.7006
2655,0,0.4013
2656,0,0.4013
2657,0,0.4013
2658,0,0.3318
2659,0,0.4013
2660,0,0.4013
2661,0,0.4013
2662,0,0.4013
2663,1,0.7595
2664,0,0.4013
2665,1,0.7109
2666,1,0.5374
2667,0,0.4013
2668,0,0.4013
2669,1,0.6106
2670,1,0.6225
2671,0,0.4013
2672,0,0.4013
2673,0,0.4013
2674,0,0.4013
2675,0,0.4013
2676,0,0.4013
2677,0,0.4013
2678,0,0.4013
2679,0,0.4013
2680,0,0.4013
2681,0,0.4013
2682,0,0.4013
2683,0,0.4013
2684,0,0.4013
2685,1,0.5498
2686,0,0.4013
2687,0,0.4013
2688,0,0.4013
2689,1,0.5498
2690,0,0.3318
2691,0,0.4013
2692,0,0.3318
2693,0,0.4013
2694,0,0.4013
2695,0,0.4502
2696,0,0.4013
2697,0,0.4013
2698,0,0.4013
2699,0,0.4013
2700,0,0.4013
2701,0,0.4013
2702,0,0.4013
2703,0,0.4013
2704,0,0.4013
2705,1,0.525
2706,0,0.4013
2707,0,0.4013
2708,1,0.6682
2709,0,0.3318
2710,0,0.4013
2711,0,0.4013
2712,0,0.4013
2713,0,0.4013
2714,0,0.4013
2715,0,0.4013
2716,0,0.4013
2717,0,0.4013
2718,0,0.4013
2719,0,0.4013
2720,0,0.2891
2721,0,0.3318
2722,0,0.4013
2723,0,0.4013
2724,1,0.5
2725,1,0.7006
2726,1,0.6106
2727,0,0.2142
2728,0,0.4013
2729,1,0.7006
2730,0,0.4013
2731,0,0.4013
2732,0,0.3318
2733,1,0.525
2734,0,0.4013
2735,0,0.4013
2736,0,0.4013
2737,0,0.4013
2738,0,0.4013
2739,0,0.4013
2740,0,0.4013
2741,0,0.4013
2742,0,0.4013
2743,0,0.4626
2744,0,0.4013
2745,0,0.4013
2746,0,0.4013
2747,0,0.4013
2748,0,0.4013
2749,0,0.4013
2750,0,0.3318
2751,0,0.4013
2752,1,0.6225
2753,1,0.7006
2754,0,0.4013
2755,0,0.4013
2756,1,0.5744
2757,0,0.4013
2758,1,0.6225
2759,0,0.3318
2760,0,0.3318
2761,1,0.525
2762,0,0.4013
2763,1,0.6106
2764,0,0.4013
2765,0,0.4013
2766,0,0.4013
2767,0,0.4013
2768,1,0.5744
2769,0,0.4875
2770,0,0.4013
2771,0,0.4013
2772,0,0.4013
2773,1,0.5374
2774,0,0.4013
2775,0,0.4013
2776,0,0.4013
2777,1,0.525
2778,0,0.4013
2779,0,0.4013
2780,0,0.4013
2781,0,0.4013
2782,0,0.4013
2783,0,0.4013
2784,0,0.4013
2785,0,0.4013
2786,1,0.7311
2787,0,0.4013
2788,0,0.4013
2789,0,0.4013
2790,0,0.4013
2791,0,0.4013
2792,0,0.4013
2793,0,0.3318
2794,0,0.4013
2795,0,0.4013
2796,0,0.4013
2797,1,0.6225
2798,0,0.4013
2799,0,0.4013
2800,0,0.4013
2801,0,0.4013
2802,0,0.4013
2803,0,0.4013
2804,0,0.4013
2805,1,0.7006
2806,1,0.7006
2807,0,0.4013
2808,0,0.3318
2809,1,0.5744
2810,0,0.4013
2811,0,0.4013
2812,0,0.3318
2813,0,0.3318
2814,0,0.4013
2815,1,0.525
2816,0,0.4013
2817,0,0.4013
2818,1,0.5744
2819,0,0.4013
2820,0,0.4013
2821,0,0.4013
2822,0,0.4013
2823,0,0.4013
2824,0,0.2891
2825,0,0.4013
2826,0,0.4013
2827,0,0.4013
2828,0,0.4875
2829,0,0.4013
2830,0,0.4013
2831,0,0.4013
2832,0,0.4626
2833,0,0.4013
2834,0,0.4013
2835,0,0.4013
2836,0,0.4013
2837,1,0.7595
2838,0,0.4013
2839,0,0.4013
2840,0,0.4013
2841,0,0.4013
2842,0,0.4875
2843,0,0.4013
2844,0,0.4875
2845,0,0.4875
2846,0,0.4013
2847,0,0.4013
2848,0,0.4013
2849,0,0.4013
2850,0,0.4013
2851,0,0.4013
2852,0,0.4013
2853,0,0.4013
2854,0,0.4013
2855,0,0.4013
2856,0,0.4013
2857,0,0.4013
2858,0,0.4013
2859,0,0.3318
2860,0,0.4013
2861,0,0.4013
2862,1,0.5744
2863,0,0.4013
2864,0,0.4013
2865,0,0.4013
2866,0,0.4013
2867,0,0.4013
2868,1,0.5744
2869,0,0.4013
2870,0,0.4013
2871,1,0.525
2872,0,0.4013
2873,0,0.4013
2874,0,0.4875
2875,0,0.4013
2876,0,0.4875
2877,0,0.4013
2878,0,0.3318
2879,1,0.525
2880,0,0.4013
2881,1,0.7006
2882,0,0.4013
2883,0,0.4013
2884,0,0.4013
2885,0,0.4013
2886,0,0.4013
2887,0,0.4013
2888,0,0.4013
2889,0,0.4013
2890,0,0.4013
2891,0,0.4013
2892,0,0.4013
2893,1,0.6106
2894,0,0.4013
2895,0,0.4013
2896,0,0.4013
2897,0,0.4013
2898,0,0.4013
2899,0,0.4013
2900,0,0.4013
2901,0,0.4013
2902,0,0.4013
2903,0,0.4013
2904,0,0.4013
2905,0,0.4013
2906,0,0.4013
2907,0,0.4013
2908,0,0.4013
2909,1,0.7006
2910,0,0.4013
2911,1,0.7006
2912,0,0.4013
2913,1,0.6225
2914,0,0.4013
2915,0,0.4013
2916,0,0.4013
2917,0,0.4013
2918,0,0.4013
2919,1,0.8022
2920,1,0.5744
2921,0,0.4013
2922,0,0.4013
2923,0,0.4013
2924,0,0.4013
2925,0,0.4013
2926,0,0.4013
2927,1,0.525
2928,0,0.4013
2929,0,0.4013
2930,1,0.6341
2931,1,0.5866
2932,1,0.7006
2933,1,0.5744
2934,0,0.4013
2935,0,0.4875
2936,0,0.4013
2937,0,0.4013
2938,1,0.525
2939,1,0.5744
2940,1,0.6225
2941,1,0.5744
2942,0,0.4013
2943,0,0.4013
2944,0,0.4013
2945,0,0.4013
2946,0,0.4013
2947,0,0.3318
2948,1,0.7006
2949,0,0.4013
2950,0,0.4013
2951,0,0.4013
2952,0,0.4875
2953,1,0.525
2954,0,0.4013
2955,0,0.4013
2956,0,0.4013
2957,0,0.4013
2958,0,0.4013
2959,0,0.4013
2960,0,0.4013
2961,0,0.4013
2962,1,0.6106
2963,0,0.4013
2964,0,0.4013
2965,0,0.4013
2966,0,0.4013
2967,0,0.4013
2968,0,0.4626
2969,0,0.4013
2970,0,0.4013
2971,0,0.4013
2972,0,0.3318
2973,0,0.4013
2974,0,0.4875
2975,0,0.4013
2976,0,0.4013
2977,0,0.4013
2978,0,0.4013
2979,0,0.4013
2980,0,0.4013
2981,0,0.4013
2982,1,0.5374
2983,0,0.4013
2984,0,0.4013
2985,0,0.4013
2986,0,0.4013
2987,0,0.4013
2988,0,0.4013
2989,0,0.4013
2990,0,0.4013
2991,0,0.4013
2992,1,0.6682
2993,0,0.4013
2994,0,0.4013
2995,0,0.4013
2996,0,0.4013
2997,0,0.4013
2998,0,0.3318
2999,0,0.4013
3000,0,0.4013
3001,0,0.4013
3002,0,0.4013
3003,0,0.4013
3004,0,0.4013
3005,0,0.4013
3006,0,0.3318
3007,0,0.4013
3008,1,0.5374
3009,1,0.6225
3010,0,0.4013
3011,0,0.4013
3012,0,0.4013
3013,1,0.6106
3014,0,0.4013
3015,0,0.4013
3016,1,0.6106
3017,1,0.5744
3018,0,0.4013
3019,0,0.4013
3020,0,0.4013
3021,0,0.4013
3022,0,0.4013
3023,0,0.4013
3024,1,0.525
3025,0,0.4013
3026,0,0.4013
3027,0,0.3318
3028,1,0.5374
3029,0,0.4013
3030,0,0.4013
3031,1,0.7006
3032,0,0.3318
3033,0,0.4013
3034,1,0.6225
3035,0,0.3318
3036,0,0.4013
3037,1,0.6106
3038,0,0.4013
3039,0,0.4013
3040,0,0.4013
3041,0,0.4013
3042,1,0.525
3043,0,0.4013
3044,0,0.4013
3045,0,0.4013
3046,0,0.4013
3047,0,0.4013
3048,0,0.4013
3049,0,0.4875
3050,0,0.4013
3051,0,0.4013
3052,1,0.525
3053,0,0.4013
3054,0,0.3318
3055,0,0.4013
3056,0,0.3318
3057,0,0.4013
3058,1,0.5744
3059,1,0.6225
3060,0,0.4013
3061,0,0.4013
3062,0,0.4013
3063,0,0.4013
3064,0,0.4013
3065,0,0.4013
3066,0,0.4013
3067,1,0.6106
3068,0,0.4013
3069,0,0.4013
3070,1,0.5744
3071,0,0.4013
3072,0,0.4013
3073,0,0.4013
3074,0,0.4013
3075,0,0.4013
3076,1,0.5744
3077,0,0.4013
3078,0,0.4013
3079,0,0.4013
3080,0,0.4013
3081,0,0.4013
3082,0,0.4875
3083,0,0.4875
3084,0,0.4013
3085,0,0.4013
3086,1,0.525
3087,0,0.4013
3088,0,0.4013
3089,0,0.4013
3090,0,0.4013
3091,0,0.4013
3092,0,0.4013
3093,0,0.4013
3094,0,0.4013
3095,0,0.3318
3096,0,0.4013
3097,1,0.8581
3098,0,0.3318
3099,0,0.4013
3100,0,0.4875
3101,0,0.3318
3102,0,0.3318
3103,0,0.4013
3104,0,0.4013
3105,0,0.4013
3106,1,0.7773
3107,0,0.4013
3108,0,0.4013
3109,1,0.6225
3110,0,0.3318
3111,0,0.4013
3112,0,0.4013
3113,0,0.4013
3114,0,0.4013
3115,0,0.4013
3116,0,0.4013
3117,0,0.4013
3118,0,0.4013
3119,0,0.4013
3120,0,0.4013
3121,0,0.4013
3122,0,0.4013
3123,1,0.5744
3124,0,0.3318
3125,0,0.4013
3126,0,0.4013
3127,0,0.4013
3128,0,0.4013
3129,0,0.4013
3130,0,0.4013
3131,1,0.6106
3132,0,0.4013
3133,1,0.5498
3134,0,0.4875
3135,0,0.4013
3136,0,0.4013
3137,0,0.4013
3138,0,0.4013
3139,0,0.3318
3140,0,0.4013
3141,0,0.4013
3142,0,0.4013
3143,0,0.4013
3144,1,0.8581
3145,0,0.4013
3146,0,0.4013
3147,0,0.4013
3148,0,0.4013
3149,0,0.4013
3150,0,0.4013
3151,0,0.4013
3152,0,0.4013
3153,0,0.4013
3154,1,0.6225
3155,0,0.4013
3156,1,0.7006
3157,1,0.5744
3158,0,0.4013
3159,0,0.4013
3160,0,0.4013
3161,0,0.4013
3162,0,0.4013
3163,1,0.6106
3164,0,0.4013
3165,0,0.4013
3166,0,0.3318
3167,0,0.4013
3168,0,0.4013
3169,0,0.4013
3170,0,0.4013
3171,0,0.4013
3172,1,0.6682
3173,0,0.4013
3174,0,0.4013
3175,0,0.4013
3176,0,0.4013
3177,1,0.8249
3178,0,0.4013
3179,0,0.4013
3180,1,0.5744
3181,1,0.525
3182,0,0.4013
3183,1,0.525
3184,0,0.4013
3185,0,0.4013
3186,0,0.4013
3187,0,0.4013
3188,0,0.4013
3189,0,0.4013
3190,0,0.4013
3191,0,0.3318
3192,0,0.4013
3193,0,0.4013
3194,0,0.4013
3195,0,0.4626
3196,0,0.4013
3197,0,0.4875
3198,0,0.4013
3199,0,0.4013
3200,0,0.4013
3201,0,0.4013
3202,0,0.4013
3203,0,0.4013
3204,0,0.4013
3205,0,0.4013
3206,0,0.4013
3207,1,0.6106
3208,0,0.4626
3209,1,0.7773
3210,0,0.4013
3211,0,0.4013
3212,0,0.4875
3213,1,0.6225
3214,0,0.4013
3215,1,0.5744
3216,0,0.3318
3217,0,0.4013
3218,0,0.4013
3219,0,0.4013
3220,0,0.4013
3221,1,0.5744
3222,0,0.4013
3223,0,0.4013
3224,1,0.5744
3225,0,0.4013
3226,0,0.4013
3227,0,0.4013
3228,1,0.5744
3229,1,0.6106
3230,0,0.4013
3231,0,0.4013
3232,0,0.4013
3233,0,0.4013
3234,1,0.6682
3235,1,0.6106
3236,0,0.4013
3237,0,0.4013
3238,0,0.4013
3239,0,0.4013
3240,0,0.4013
3241,0,0.4013
3242,0,0.4013
3243,0,0.4013
3244,1,0.6106
3245,0,0.3318
3246,0,0.4013
3247,0,0.4013
3248,0,0.4013
3249,0,0.4013
3250,0,0.4013
3251,1,0.6106
3252,0,0.4013
3253,0,0.2891
3254,1,0.6682
3255,0,0.4013
3256,1,0.8022
3257,0,0.4626
3258,0,0.4013
3259,0,0.4013
3260,1,0.5744
3261,0,0.4013
3262,0,0.4013
3263,0,0.4013
3264,0,0.4013
3265,0,0.4013
3266,0,0.4013
3267,0,0.4013
3268,1,0.5744
3269,0,0.4013
3270,0,0.4013
3271,0,0.4013
3272,0,0.4013
3273,0,0.4013
3274,0,0.4013
3275,0,0.3318
3276,0,0.4013
3277,0,0.4013
3278,0,0.4013
3279,0,0.4013
3280,0,0.4013
3281,0,0.4013
3282,0,0.4013
3283,0,0.4013
3284,0,0.4626
3285,0,0.4013
3286,0,0.4013
3287,0,0.4013
3288,0,0.4013
3289,0,0.4013
3290,1,0.5374
3291,1,0.5744
3292,0,0.4013
3293,1,0.525
3294,1,0.6106
3295,0,0.4013
3296,0,0.4013
3297,0,0.4013
3298,0,0.4013
3299,1,0.5374
3300,0,0.4013
3301,0,0.4013
3302,0,0.4013
3303,0,0.4013
3304,0,0.3318
3305,0,0.4013
3306,0,0.4013
3307,0,0.4013
3308,0,0.4013
3309,0,0.4013
3310,0,0.4013
3311,0,0.4013
3312,0,0.4013
3313,1,0.6225
3314,0,0.4013
3315,0,0.4013
3316,0,0.4013
3317,1,0.6106
3318,0,0.4013
3319,1,0.525
3320,0,0.4013
3321,0,0.4013
3322,1,0.7109
3323,0,0.4013
3324,1,0.5744
3325,1,0.5744
3326,0,0.4013
3327,0,0.3318
3328,0,0.4013
3329,0,0.4013
3330,0,0.4013
3331,0,0.4013
3332,0,0.4013
3333,0,0.4013
3334,0,0.4013
3335,0,0.4013
3336,0,0.4013
3337,0,0.4626
3338,0,0.4013
3339,0,0.4013
3340,0,0.4013
3341,0,0.4013
3342,0,0.4013
3343,1,0.6106
3344,0,0.4013
3345,0,0.3318
3346,0,0.4013
3347,0,0.4013
3348,0,0.4013
3349,0,0.3318
3350,0,0.3318
3351,0,0.4013
3352,0,0.4013
3353,0,0.4013
3354,1,0.657
3355,0,0.4013
3356,1,0.7109
3357,0,0.4013
3358,0,0.4013
3359,0,0.4013
3360,0,0.4013
3361,0,0.4013
3362,0,0.4013
3363,0,0.4013
3364,1,0.657
3365,0,0.4013
3366,0,0.4013
3367,1,0.5866
3368,0,0.4013
3369,0,0.4013
3370,1,0.6106
3371,0,0.4013
3372,0,0.4013
3373,0,0.4013
3374,0,0.4013
3375,1,0.5744
3376,0,0.4013
3377,0,0.4013
3378,0,0.4013
3379,0,0.4013
3380,0,0.4013
3381,0,0.4013
3382,1,0.5744
3383,0,0.4013
3384,1,0.5374
3385,0,0.4013
3386,1,0.6682
3387,0,0.4013
3388,1,0.7109
3389,0,0.4013
3390,0,0.3318
3391,0,0.4013
3392,0,0.3318
3393,0,0.4013
3394,0,0.4013
3395,0,0.4013
3396,0,0.4013
3397,0,0.4013
3398,0,0.4013
3399,0,0.4013
3400,0,0.4013
3401,1,0.6106
3402,0,0.4013
3403,0,0.4013
3404,0,0.4013
3405,0,0.4013
3406,0,0.4013
3407,0,0.4013
3408,0,0.4013
3409,0,0.4013
3410,0,0.4013
3411,0,0.4013
3412,0,0.4013
3413,0,0.4013
3414,0,0.4875
3415,0,0.4013
3416,0,0.4013
3417,0,0.4013
3418,0,0.3318
3419,0,0.4013
3420,0,0.3318
3421,0,0.4013
3422,0,0.4013
3423,0,0.4013
3424,0,0.3318
3425,0,0.4013
3426,1,0.5744
3427,0,0.4013
3428,0,0.4013
3429,1,0.5866
3430,1,0.525
3431,0,0.4013
3432,0,0.4013
3433,0,0.4013
3434,0,0.4013
3435,1,0.8249
3436,1,0.7006
3437,1,0.6106
3438,0,0.4013
3439,0,0.4013
3440,0,0.4013
3441,0,0.4013
3442,0,0.4013
3443,0,0.4013
3444,1,0.5744
3445,1,0.525
3446,0,0.4013
3447,0,0.4875
3448,0,0.3318
3449,0,0.4875
3450,1,0.7006
3451,0,0.4013
3452,1,0.7109
3453,0,0.4013
3454,1,0.525
3455,0,0.4013
3456,0,0.4013
3457,0,0.4013
3458,0,0.3318
3459,0,0.4013
3460,0,0.4013
3461,0,0.4013
3462,0,0.4013
3463,1,0.5744
3464,0,0.4013
3465,1,0.852
3466,0,0.4013
3467,0,0.4013
3468,0,0.4013
3469,0,0.4013
3470,0,0.4013
3471,0,0.4013
3472,0,0.4013
3473,1,0.852
3474,1,0.7109
3475,0,0.4013
3476,0,0.4013
3477,1,0.6106
3478,0,0.4013
3479,0,0.4013
3480,1,0.525
3481,0,0.4013
3482,0,0.4013
3483,1,0.5744
3484,0,0.4013
3485,0,0.4013
3486,1,0.5744
3487,0,0.4013
3488,0,0.4013
3489,0,0.4013
3490,0,0.4013
3491,0,0.4013
3492,0,0.4013
3493,0,0.4013
3494,0,0.4013
3495,0,0.4013
3496,0,0.4013
3497,0,0.4875
3498,0,0.4013
3499,0,0.4013
3500,0,0.4013
3501,0,0.4875
3502,0,0.4013
3503,1,0.7311
3504,0,0.4013
3505,0,0.4013
3506,0,0.3318
3507,0,0.4013
3508,0,0.4013
3509,0,0.4013
3510,1,0.5374
3511,0,0.3318
3512,0,0.4013
3513,1,0.5744
3514,0,0.4013
3515,0,0.4013
3516,0,0.4013
3517,0,0.4013
3518,0,0.4013
3519,0,0.4013
3520,1,0.5744
3521,0,0.4013
3522,0,0.3318
3523,0,0.3318
3524,0,0.4013
3525,0,0.4013
3526,0,0.4013
3527,1,0.6225
3528,0,0.4013
3529,0,0.4013
3530,0,0.4013
3531,0,0.4013
3532,0,0.4013
3533,0,0.4013
3534,1,0.6106
3535,0,0.4013
3536,1,0.525
3537,0,0.4013
3538,1,0.6106
3539,0,0.4013
3540,1,0.5744
3541,0,0.4013
3542,1,0.8249
3543,0,0.4013
3544,0,0.4013
3545,0,0.3318
3546,0,0.4013
3547,0,0.4875
3548,0,0.4013
3549,0,0.4013
3550,0,0.4013
3551,1,0.7006
3552,0,0.4013
3553,0,0.4013
3554,0,0.4013
3555,0,0.4013
3556,0,0.4013
3557,0,0.4013
3558,0,0.4013
3559,1,0.6106
3560,0,0.4013
3561,0,0.3318
3562,1,0.7685
3563,0,0.4013
3564,0,0.4013
3565,0,0.4013
3566,0,0.4013
3567,0,0.4013
3568,0,0.4013
3569,0,0.4013
3570,0,0.3318
3571,0,0.4013
3572,0,0.4013
3573,1,0.7595
3574,1,0.6682
3575,1,0.7006
3576,0,0.4013
3577,0,0.4013
3578,0,0.4013
3579,0,0.4013
3580,1,0.8808
3581,1,0.5744
3582,0,0.4013
3583,0,0.4013
3584,0,0.4013
3585,0,0.4013
3586,0,0.4013
3587,0,0.4013
3588,0,0.4013
3589,0,0.4013
3590,0,0.4013
3591,0,0.4013
3592,0,0.4013
3593,0,0.4013
3594,0,0.4875
3595,0,0.4013
3596,0,0.4013
3597,0,0.4013
3598,0,0.4013
3599,1,0.7109
3600,1,0.5744
3601,1,0.525
3602,0,0.4013
3603,0,0.4875
3604,0,0.4013
3605,1,0.5744
3606,0,0.4013
3607,1,0.7109
3608,0,0.4013
3609,0,0.4013
3610,0,0.4013
3611,0,0.3318
3612,0,0.4013
3613,0,0.4013
3614,0,0.3318
3615,1,0.525
3616,1,0.5744
3617,0,0.4013
3618,0,0.4013
3619,0,0.4013
3620,0,0.4013
3621,0,0.4013
3622,0,0.4013
3623,1,0.5744
3624,0,0.4013
3625,0,0.4013
3626,0,0.4875
3627,0,0.4013
3628,0,0.4013
3629,0,0.4013
3630,0,0.4013
3631,0,0.4013
3632,1,0.5374
3633,0,0.4013
3634,0,0.4013
3635,0,0.4013
3636,0,0.4013
3637,1,0.525
3638,0,0.4013
3639,0,0.4013
3640,0,0.4013
3641,0,0.4013
3642,0,0.4013
3643,0,0.4013
3644,0,0.4013
3645,0,0.4013
3646,1,0.7773
3647,0,0.4013
3648,0,0.4013
3649,0,0.4013
3650,0,0.4013
3651,0,0.4013
3652,0,0.4013
3653,0,0.4013
3654,0,0.4013
3655,0,0.4013
3656,0,0.4013
3657,0,0.4013
3658,0,0.4013
3659,1,0.5744
3660,0,0.4013
3661,0,0.4013
3662,0,0.4013
3663,0,0.4013
3664,1,0.6225
3665,0,0.4013
3666,0,0.4875
3667,0,0.4013
3668,0,0.4013
3669,0,0.4013
3670,1,0.6682
3671,0,0.4013
3672,1,0.5744
3673,0,0.4013
3674,0,0.4013
3675,1,0.5744
3676,0,0.4013
3677,0,0.4013
3678,0,0.4875
3679,0,0.4013
3680,0,0.4013
3681,0,0.4013
3682,0,0.4013
3683,0,0.4013
3684,0,0.4875
3685,0,0.4013
3686,0,0.4013
3687,0,0.4013
3688,0,0.4013
3689,0,0.4013
3690,0,0.4013
3691,0,0.4013
3692,0,0.4013
3693,0,0.4013
3694,0,0.4013
3695,1,0.5374
3696,0,0.4013
3697,0,0.4013
3698,0,0.4013
3699,0,0.4013
3700,0,0.4013
3701,0,0.4013
3702,1,0.5744
3703,0,0.4013
3704,0,0.4013
3705,0,0.4013
3706,0,0.4013
3707,0,0.3318
3708,0,0.4013
3709,0,0.4013
3710,0,0.4013
3711,0,0.4013
3712,0,0.4626
3713,0,0.4013
3714,0,0.4013
3715,0,0.4013
3716,0,0.4013
3717,0,0.4013
3718,1,0.7109
3719,0,0.4013
3720,0,0.4013
3721,0,0.4013
3722,0,0.4013
3723,1,0.7109
3724,0,0.4013
3725,0,0.4013
3726,0,0.4013
3727,0,0.4013
3728,1,0.7109
3729,0,0.3318
3730,0,0.4013
3731,1,0.5744
3732,0,0.3318
3733,1,0.7109
3734,0,0.4013
3735,0,0.3318
3736,0,0.4013
3737,1,0.525
3738,0,0.4013
3739,0,0.4013
3740,1,0.525
3741,0,0.4013
3742,0,0.4013
3743,0,0.4013
3744,0,0.4013
3745,0,0.4013
3746,0,0.4013
3747,1,0.7006
3748,0,0.4013
3749,0,0.4626
3750,0,0.4013
3751,0,0.4013
3752,0,0.4013
3753,0,0.4013
3754,0,0.4013
3755,0,0.4013
3756,0,0.4013
3757,0,0.4013
3758,0,0.4013
3759,0,0.4013
3760,1,0.6106
3761,0,0.4013
3762,1,0.5744
3763,0,0.4013
3764,0,0.4013
3765,1,0.525
3766,0,0.4013
3767,0,0.4013
3768,1,0.6225
3769,0,0.4013
3770,0,0.4013
3771,0,0.4013
3772,0,0.4013
3773,0,0.4013
3774,0,0.4013
3775,0,0.3318
3776,1,0.7595
3777,1,0.7006
3778,0,0.4013
3779,1,0.525
3780,0,0.4013
3781,0,0.4013
3782,0,0.4013
3783,0,0.4013
3784,0,0.3318
3785,0,0.4013
3786,0,0.4013
3787,0,0.4013
3788,0,0.4013
3789,0,0.3318
3790,0,0.4013
3791,0,0.4013
3792,0,0.4013
3793,0,0.4013
3794,0,0.4013
3795,0,0.4013
3796,0,0.4013
3797,0,0.4013
3798,0,0.4013
3799,0,0.4013
3800,0,0.4013
3801,1,0.6106
3802,0,0.4013
3803,0,0.4013
3804,0,0.4013
3805,0,0.4013
3806,0,0.3318
3807,0,0.4013
3808,0,0.4013
3809,0,0.3318
3810,0,0.4013
3811,0,0.4013
3812,0,0.4013
3813,0,0.4013
3814,0,0.4013
3815,0,0.3318
3816,0,0.4013
3817,0,0.3318
3818,0,0.4013
3819,0,0.4013
3820,0,0.4013
3821,1,0.5374
3822,0,0.4013
3823,1,0.5744
3824,1,0.5744
3825,0,0.4013
3826,0,0.4013
3827,0,0.4013
3828,0,0.4013
3829,0,0.4013
3830,0,0.4013
3831,1,0.6106
3832,0,0.4013
3833,0,0.4013
3834,1,0.6106
3835,0,0.4013
3836,0,0.4013
3837,0,0.4013
3838,1,0.5744
3839,1,0.7006
3840,0,0.4013
3841,0,0.4013
3842,0,0.4013
3843,0,0.3318
3844,0,0.4013
3845,0,0.4013
3846,0,0.4013
3847,0,0.4013
3848,0,0.4013
3849,1,0.5744
3850,0,0.4013
3851,0,0.4013
3852,0,0.4013
3853,0,0.4013
3854,0,0.4013
3855,0,0.4013
3856,0,0.4013
3857,1,0.6682
3858,0,0.4013
3859,0,0.4875
3860,0,0.4013
3861,0,0.4013
3862,0,0.4013
3863,0,0.4875
3864,0,0.4013
3865,0,0.4013
3866,1,0.5374
3867,0,0.4013
3868,0,0.4013
3869,0,0.4013
3870,1,0.7109
3871,0,0.4013
3872,0,0.3318
3873,1,0.7685
3874,0,0.4875
3875,1,0.5744
3876,0,0.4013
3877,0,0.4013
3878,0,0.4013
3879,0,0.4013
3880,0,0.4013
3881,0,0.4013
3882,1,0.5744
3883,0,0.4013
3884,1,0.7006
3885,0,0.4013
3886,0,0.4013
3887,0,0.4013
3888,1,0.5374
3889,0,0.4013
3890,0,0.4013
3891,0,0.4013
3892,0,0.4013
3893,0,0.4013
3894,0,0.4013
3895,0,0.4013
3896,1,0.7503
3897,0,0.4013
3898,0,0.4013
3899,0,0.3318
3900,0,0.4013
3901,0,0.4013
3902,0,0.4013
3903,0,0.4875
3904,0,0.4013
3905,0,0.4013
3906,0,0.4013
3907,0,0.4013
3908,0,0.4013
3909,0,0.4013
3910,1,0.852
3911,1,0.525
3912,0,0.4013
3913,1,0.7006
3914,0,0.4013
3915,0,0.4013
3916,0,0.4013
3917,0,0.4013
3918,0,0.4013
3919,0,0.3318
3920,0,0.4013
3921,0,0.4013
3922,0,0.4013
3923,0,0.4013
3924,1,0.6682
3925,0,0.3318
3926,0,0.4013
3927,0,0.4013
3928,0,0.4013
3929,0,0.4013
3930,0,0.4013
3931,0,0.4013
3932,0,0.4875
3933,0,0.4013
3934,0,0.4013
3935,0,0.4013
3936,0,0.4013
3937,0,0.4013
3938,1,0.7006
3939,0,0.3318
3940,1,0.5744
3941,0,0.4013
3942,1,0.6106
3943,1,0.6106
3944,0,0.4013
3945,0,0.4013
3946,0,0.4013
3947,0,0.4013
3948,0,0.3318
3949,0,0.4013
3950,0,0.4875
3951,0,0.4013
3952,0,0.4013
3953,0,0.4013
3954,0,0.4013
3955,0,0.4013
3956,1,0.5374
3957,0,0.4013
3958,0,0.4875
3959,0,0.4013
3960,0,0.4013
3961,0,0.4875
3962,0,0.4013
3963,0,0.4013
3964,0,0.4013
3965,1,0.6106
3966,0,0.4875
3967,0,0.4013
3968,0,0.4013
3969,0,0.4013
3970,0,0.4013
3971,1,0.6106
3972,1,0.525
3973,0,0.4013
3974,0,0.4013
3975,0,0.4013
3976,0,0.4013
3977,0,0.4013
3978,0,0.4013
3979,0,0.4013
3980,0,0.4013
3981,0,0.4013
3982,1,0.5744
3983,0,0.4013
3984,0,0.4013
3985,0,0.4013
3986,0,0.4013
3987,1,0.525
3988,0,0.2891
3989,0,0.4013
3990,0,0.4013
3991,0,0.4013
3992,0,0.4013
3993,0,0.4013
3994,0,0.4013
3995,0,0.4013
3996,0,0.4013
3997,0,0.4013
3998,0,0.4013
3999,0,0.3318
4000,1,0.5744
4001,0,0.3318
4002,0,0.4013
4003,0,0.4875
4004,0,0.4013
4005,0,0.4013
4006,1,0.5498
4007,0,0.4013
4008,0,0.4013
4009,0,0.4013
4010,0,0.4013
4011,0,0.4013
4012,1,0.5744
4013,0,0.4013
4014,0,0.4013
4015,0,0.4013
4016,1,0.525
4017,0,0.3318
4018,0,0.4013
4019,0,0.4013
4020,0,0.4013
4021,0,0.4013
4022,0,0.4013
4023,0,0.4013
4024,0,0.4013
4025,0,0.4013
4026,0,0.4013
4027,0,0.3318
4028,0,0.4013
4029,0,0.4013
4030,0,0.4013
4031,0,0.4013
4032,1,0.8249
4033,0,0.4013
4034,0,0.3318
4035,0,0.4013
4036,0,0.4013
4037,1,0.5744
4038,0,0.4013
4039,0,0.4013
4040,0,0.4013
4041,1,0.7006
4042,0,0.4013
4043,1,0.5744
4044,1,0.6106
4045,0,0.4013
4046,0,0.4013
4047,0,0.4013
4048,0,0.4013
4049,0,0.4013
4050,0,0.4013
4051,0,0.4013
4052,0,0.4013
4053,0,0.4013
4054,0,0.4013
4055,0,0.4013
4056,0,0.4013
4057,0,0.4013
4058,0,0.4013
4059,0,0.4013
4060,0,0.4013
4061,0,0.4013
4062,0,0.4013
4063,0,0.4013
4064,0,0.4013
4065,0,0.4013
4066,0,0.4013
4067,0,0.4013
4068,0,0.4013
4069,0,0.4013
4070,0,0.4013
4071,0,0.4013
4072,0,0.4013
4073,0,0.4013
4074,0,0.4013
4075,0,0.4013
4076,0,0.4013
4077,0,0.3318
4078,0,0.4013
4079,0,0.4013
4080,1,0.525
4081,0,0.4626
4082,0,0.4013
4083,0,0.2891
4084,0,0.4013
4085,0,0.4013
4086,1,0.525
4087,0,0.4013
4088,0,0.4013
4089,0,0.4013
4090,0,0.4013
4091,0,0.4013
4092,0,0.4013
4093,0,0.4013
4094,0,0.4013
4095,0,0.4013
4096,0,0.4013
4097,0,0.4013
4098,1,0.5744
4099,0,0.4013
4100,1,0.6682
4101,1,0.525
4102,0,0.4013
4103,0,0.4013
4104,1,0.5374
4105,0,0.4013
4106,1,0.525
4107,0,0.4013
4108,0,0.4013
4109,0,0.4013
4110,0,0.4013
4111,0,0.4013
4112,0,0.4013
4113,0,0.4013
4114,0,0.4013
4115,0,0.4013
4116,1,0.657
4117,0,0.4013
4118,0,0.4013
4119,0,0.4013
4120,0,0.4013
4121,0,0.4875
4122,0,0.4013
4123,0,0.4013
4124,0,0.4013
4125,0,0.4013
4126,1,0.5744
4127,0,0.4875
4128,0,0.4013
4129,0,0.3318
4130,0,0.4013
4131,0,0.4013
4132,0,0.4013
4133,0,0.4013
4134,0,0.4013
4135,0,0.4013
4136,1,0.7109
4137,0,0.4013
4138,0,0.4013
4139,0,0.4013
4140,1,0.8249
4141,0,0.4013
4142,0,0.4013
4143,0,0.4013
4144,0,0.4013
4145,0,0.3318
4146,0,0.4875
4147,0,0.4013
4148,0,0.4013
4149,0,0.4013
4150,0,0.4013
4151,0,0.4875
4152,0,0.4013
4153,0,0.4013
4154,1,0.525
4155,0,0.4013
4156,0,0.4013
4157,0,0.4013
4158,0,0.3318
4159,0,0.4013
4160,0,0.4013
4161,0,0.4013
4162,0,0.4013
4163,0,0.4013
4164,0,0.4875
4165,0,0.4013
4166,0,0.4013
4167,0,0.4013
4168,0,0.4013
4169,1,0.525
4170,1,0.5498
4171,0,0.4013
4172,0,0.4013
4173,0,0.4013
4174,0,0.4013
4175,0,0.4013
4176,0,0.4013
4177,0,0.4013
4178,1,0.7006
4179,0,0.3318
4180,0,0.4013
4181,0,0.4013
4182,1,0.8249
4183,0,0.4013
4184,1,0.6106
4185,0,0.4013
4186,0,0.4013
4187,0,0.4013
4188,0,0.4013
4189,0,0.4013
4190,0,0.4013
4191,0,0.4013
4192,1,0.6106
4193,0,0.4013
4194,0,0.4013
4195,0,0.4013
4196,0,0.4013
4197,0,0.4013
4198,1,0.6106
4199,0,0.4013
4200,1,0.7109
4201,0,0.4013
4202,0,0.4013
4203,0,0.4013
4204,0,0.4875
4205,0,0.3318
4206,0,0.4013
4207,1,0.6682
4208,0,0.4013
4209,0,0.4013
4210,0,0.4013
4211,0,0.4013
4212,0,0.4013
4213,1,0.5498
4214,0,0.4013
4215,0,0.4013
4216,0,0.3318
4217,0,0.4013
4218,0,0.4013
4219,1,0.7109
4220,0,0.4013
4221,0,0.4013
4222,0,0.4013
4223,0,0.4013
4224,0,0.4013
4225,0,0.4013
4226,0,0.4013
4227,0,0.4013
4228,0,0.4013
4229,0,0.4013
4230,0,0.4013
4231,0,0.4013
4232,0,0.4013
4233,0,0.4013
4234,0,0.4013
4235,0,0.4013
4236,0,0.4013
4237,0,0.4013
4238,1,0.7006
4239,0,0.4013
4240,0,0.4013
4241,0,0.4013
4242,1,0.5744
4243,0,0.4013
4244,0,0.4013
4245,1,0.525
4246,0,0.4013
4247,0,0.4626
4248,0,0.4013
4249,0,0.4013
4250,0,0.4013
4251,0,0.4013
4252,0,0.4013
4253,1,0.6106
4254,0,0.4013
4255,0,0.4013
4256,0,0.4013
4257,0,0.4013
4258,1,0.525
4259,1,0.5744
4260,0,0.4013
4261,0,0.4013
4262,0,0.4013
4263,0,0.4013
4264,0,0.4013
4265,0,0.4013
4266,1,0.525
4267,0,0.4013
4268,0,0.4013
4269,0,0.4013
4270,0,0.4013
4271,0,0.4013
4272,1,0.7773
4273,0,0.4013
4274,0,0.4013
4275,0,0.4013
4276,0,0.4013
4277,0,0.4013
4278,0,0.4013
4279,0,0.4013
4280,0,0.4013
4281,0,0.4013
4282,0,0.4013
4283,0,0.4013
4284,1,0.6106
4285,0,0.3318
4286,0,0.4013
4287,0,0.4013
4288,0,0.4013
4289,0,0.4013
4290,0,0.4013
4291,0,0.4013
4292,0,0.3318
4293,0,0.4013
4294,0,0.4013
4295,0,0.4013
4296,0,0.4626
4297,0,0.4013
4298,1,0.6106
4299,0,0.4013
4300,0,0.4013
4301,0,0.4013
4302,0,0.4013
4303,0,0.4013
4304,0,0.4626
4305,0,0.3318
4306,0,0.4013
4307,0,0.4013
4308,1,0.5744
4309,1,0.5744
4310,1,0.7006
4311,0,0.4013
4312,0,0.4875
4313,0,0.4013
4314,0,0.4013
4315,0,0.4013
4316,0,0.4013
4317,0,0.4013
4318,0,0.4013
4319,0,0.3318
4320,0,0.4013
4321,0,0.4013
4322,0,0.4013
4323,0,0.4013
4324,0,0.4626
4325,0,0.4013
4326,0,0.4013
4327,1,0.5
4328,0,0.4013
4329,0,0.4013
4330,1,0.525
4331,0,0.4013
4332,0,0.4013
4333,0,0.4013
4334,1,0.5744
4335,1,0.7006
4336,0,0.4013
4337,0,0.4013
4338,1,0.6106
4339,0,0.4013
4340,0,0.4013
4341,0,0.4013
4342,0,0.4013
4343,0,0.4013
4344,0,0.4013
4345,1,0.5374
4346,0,0.4013
4347,0,0.3318
4348,0,0.4013
4349,0,0.4013
4350,0,0.4013
4351,1,0.525
4352,0,0.4013
4353,0,0.4013
4354,0,0.4013
4355,0,0.4013
4356,0,0.3318
4357,0,0.4013
4358,0,0.4013
4359,0,0.4875
4360,0,0.4875
4361,0,0.4013
4362,1,0.7595
4363,0,0.4013
4364,0,0.3318
4365,0,0.4013
4366,1,0.7006
4367,0,0.4013
4368,0,0.4013
4369,0,0.4013
4370,0,0.4013
4371,0,0.4013
4372,0,0.4013
4373,0,0.4013
4374,0,0.3318
4375,0,0.4013
4376,0,0.4013
4377,0,0.4013
4378,0,0.4013
4379,1,0.525
4380,0,0.4013
4381,0,0.4013
4382,0,0.4875
4383,0,0.4013
4384,0,0.4013
4385,1,0.657
4386,1,0.5744
4387,0,0.4013
4388,0,0.4875
4389,0,0.4013
4390,1,0.5744
4391,0,0.4626
4392,0,0.4013
4393,0,0.4013
4394,0,0.4013
4395,0,0.4013
4396,0,0.4013
4397,0,0.4013
4398,1,0.5374
4399,0,0.3318
4400,0,0.4013
4401,0,0.4013
4402,1,0.657
4403,0,0.3318
4404,1,0.6225
4405,1,0.7006
4406,0,0.4013
4407,0,0.4013
4408,0,0.4013
4409,0,0.4013
4410,0,0.4013
4411,0,0.4013
4412,0,0.4013
4413,0,0.4013
4414,0,0.4013
4415,0,0.4013
4416,0,0.4013
4417,0,0.4013
4418,0,0.4013
4419,0,0.4013
4420,0,0.4013
4421,0,0.4013
4422,0,0.4013
4423,0,0.4013
4424,0,0.4013
4425,0,0.4013
4426,0,0.4013
4427,0,0.4013
4428,0,0.4875
4429,0,0.4013
4430,0,0.4013
4431,0,0.4013
4432,1,0.525
4433,0,0.4013
4434,1,0.7006
4435,0,0.4013
4436,0,0.4013
4437,0,0.4013
4438,0,0.4013
4439,0,0.4013
4440,0,0.3318
4441,0,0.4013
4442,0,0.4013
4443,0,0.4013
4444,0,0.4013
4445,0,0.4013
4446,0,0.4013
4447,0,0.4013
4448,0,0.3318
4449,0,0.4013
4450,0,0.4875
4451,0,0.4013
4452,0,0.4013
4453,1,0.6106
4454,0,0.4875
4455,1,0.5744
4456,0,0.4013
4457,0,0.4013
4458,1,0.6682
4459,1,0.5744
4460,1,0.5374
4461,1,0.5744
4462,0,0.4013
4463,0,0.4013
4464,0,0.4013
4465,0,0.4013
4466,0,0.4013
4467,0,0.4013
4468,0,0.4013
4469,0,0.4013
4470,0,0.4875
4471,0,0.4013
4472,0,0.4013
4473,0,0.4013
4474,0,0.4013
4475,0,0.4013
4476,1,0.5374
4477,0,0.4013
4478,0,0.4013
4479,0,0.4013
4480,0,0.4013
4481,0,0.4013
4482,0,0.4013
4483,0,0.4013
4484,1,0.5374
4485,0,0.3318
4486,0,0.4013
4487,0,0.4013
4488,0,0.4013
4489,0,0.3318
4490,0,0.4013
4491,0,0.4013
4492,0,0.4875
4493,0,0.4013
4494,0,0.3318
4495,0,0.4013
4496,1,0.5744
4497,0,0.4013
4498,0,0.4013
4499,0,0.4013
4500,0,0.3318
4501,0,0.3318
4502,0,0.4013
4503,0,0.4013
4504,0,0.4013
4505,0,0.4013
4506,0,0.4013
4507,0,0.4013
4508,0,0.4013
4509,0,0.4013
4510,0,0.4013
4511,0,0.4013
4512,0,0.4013
4513,0,0.4013
4514,1,0.7006
4515,0,0.2891
4516,0,0.4013
4517,0,0.4013
4518,1,0.525
4519,1,0.7006
4520,0,0.4013
4521,0,0.4013
4522,0,0.4013
4523,0,0.4013
4524,0,0.4013
4525,0,0.4013
4526,0,0.4013
4527,0,0.4013
4528,0,0.3318
4529,0,0.4013
4530,0,0.3318
4531,1,0.5866
4532,0,0.4013
4533,0,0.3318
4534,1,0.7006
4535,0,0.4013
4536,0,0.4013
4537,0,0.4013
4538,0,0.4013
4539,0,0.4013
4540,0,0.4013
4541,0,0.4013
4542,0,0.4013
4543,0,0.4013
4544,1,0.6682
4545,0,0.4013
4546,0,0.4013
4547,0,0.3318
4548,0,0.4013
4549,0,0.4013
4550,0,0.4013
4551,0,0.3318
4552,0,0.4013
4553,0,0.3318
4554,0,0.4013
4555,0,0.4875
4556,0,0.4013
4557,0,0.4013
4558,0,0.4013
4559,0,0.4013
4560,0,0.4875
4561,0,0.4013
4562,0,0.4013
4563,0,0.3318
4564,0,0.3318
4565,1,0.525
4566,0,0.4013
4567,0,0.4013
4568,0,0.4013
4569,0,0.4013
4570,0,0.4013
4571,1,0.657
4572,0,0.4013
4573,0,0.4013
4574,1,0.6792
4575,0,0.4013
4576,0,0.4013
4577,0,0.4013
4578,0,0.4875
4579,0,0.4013
4580,0,0.4013
4581,0,0.4013
4582,0,0.4013
4583,0,0.4013
4584,0,0.4013
4585,0,0.4013
4586,0,0.3318
4587,1,0.6225
4588,0,0.4013
4589,1,0.6106
4590,0,0.4013
4591,0,0.4013
4592,0,0.4013
4593,0,0.4013
4594,0,0.4013
4595,0,0.4013
4596,0,0.4013
4597,0,0.4013
4598,0,0.4013
4599,0,0.4013
4600,0,0.4013
4601,0,0.4013
4602,1,0.7006
4603,0,0.4013
4604,0,0.4013
4605,0,0.4013
4606,0,0.4013
4607,0,0.4013
4608,0,0.4013
4609,1,0.6106
4610,0,0.4013
4611,0,0.4013
4612,0,0.4013
4613,1,0.5744
4614,1,0.5744
4615,1,0.5744
4616,0,0.4013
4617,0,0.4013
4618,0,0.4013
4619,0,0.4013
4620,0,0.4013
4621,0,0.4013
4622,0,0.3318
4623,0,0.4013
4624,0,0.4013
4625,0,0.4013
4626,1,0.7595
4627,0,0.4013
4628,1,0.5744
4629,0,0.4013
4630,0,0.4013
4631,1,0.5744
4632,0,0.4013
4633,0,0.4013
4634,1,0.6682
4635,0,0.4013
4636,0,0.4013
4637,0,0.4013
4638,1,0.7006
4639,0,0.4013
4640,0,0.4013
4641,0,0.4013
4642,0,0.4013
4643,0,0.4013
4644,0,0.4626
4645,0,0.3318
4646,0,0.4013
4647,0,0.4013
4648,0,0.4013
4649,0,0.4013
4650,0,0.4013
4651,0,0.4013
4652,0,0.4013
4653,0,0.4875
4654,0,0.4013
4655,0,0.4013
4656,0,0.4013
4657,0,0.4013
4658,0,0.4013
4659,0,0.4013
4660,0,0.4013
4661,0,0.4013
4662,0,0.4013
4663,0,0.4626
4664,0,0.4013
4665,0,0.4013
4666,1,0.6106
4667,1,0.6106
4668,0,0.4013
4669,0,0.4013
4670,1,0.5744
4671,0,0.4013
4672,0,0.4013
4673,0,0.4013
4674,0,0.4013
4675,0,0.4013
4676,0,0.4013
4677,0,0.4013
4678,0,0.4875
4679,0,0.4013
4680,0,0.4013
4681,0,0.4013
4682,0,0.4013
4683,0,0.4013
4684,0,0.4013
4685,0,0.4013
4686,0,0.4013
4687,0,0.4013
4688,1,0.6106
4689,0,0.4013
4690,0,0.4013
4691,1,0.7773
4692,0,0.4013
4693,0,0.4013
4694,0,0.4013
4695,0,0.4013
4696,0,0.4013
4697,0,0.4013
4698,0,0.4013
4699,0,0.4013
4700,0,0.4013
4701,0,0.4875
4702,0,0.4013
4703,1,0.7006
4704,0,0.4013
4705,0,0.4013
4706,0,0.4013
4707,0,0.4013
4708,0,0.4013
4709,0,0.4013
4710,1,0.7006
4711,0,0.4013
4712,0,0.4013
4713,0,0.4013
4714,0,0.4013
4715,0,0.4013
4716,0,0.4013
4717,0,0.4013
4718,0,0.4013
4719,0,0.3318
4720,0,0.4013
4721,1,0.7109
4722,0,0.4013
4723,0,0.4013
4724,0,0.4013
4725,0,0.4013
4726,0,0.4013
4727,1,0.657
4728,0,0.4013
4729,0,0.4013
4730,0,0.4013
4731,0,0.4013
4732,0,0.4013
4733,0,0.3318
4734,0,0.4013
4735,0,0.4013
4736,0,0.4013
4737,1,0.525
4738,1,0.6682
4739,0,0.4013
4740,0,0.4013
4741,0,0.4013
4742,1,0.525
4743,1,0.5744
4744,1,0.7006
4745,1,0.7595
4746,0,0.4013
4747,0,0.4013
4748,0,0.4013
4749,0,0.4013
4750,0,0.4013
4751,0,0.4013
4752,0,0.4013
4753,0,0.4013
4754,0,0.4013
4755,0,0.4013
4756,1,0.5374
4757,0,0.4013
4758,0,0.4013
4759,0,0.4013
4760,0,0.3318
4761,1,0.6106
4762,0,0.4013
4763,0,0.4013
4764,0,0.4013
4765,0,0.4013
4766,0,0.3318
4767,1,0.5744
4768,0,0.4013
4769,0,0.4013
4770,1,0.6106
4771,0,0.4013
4772,1,0.6106
4773,0,0.4013
4774,0,0.4875
4775,0,0.4013
4776,0,0.4013
4777,0,0.4013
4778,0,0.4626
4779,0,0.4013
4780,0,0.4013
4781,0,0.4013
4782,0,0.4013
4783,0,0.4013
4784,0,0.4875
4785,1,0.6225
4786,0,0.4013
4787,0,0.4013
4788,1,0.5744
4789,0,0.4013
4790,0,0.4013
4791,0,0.4013
4792,0,0.4013
4793,0,0.4013
4794,1,0.5744
4795,0,0.4013
4796,1,0.657
4797,0,0.4013
4798,0,0.4013
4799,0,0.4013
4800,0,0.3318
4801,1,0.657
4802,0,0.4013
4803,0,0.4013
4804,0,0.4013
4805,0,0.4013
4806,0,0.4013
4807,0,0.4013
4808,0,0.4013
4809,0,0.4013
4810,0,0.4013
4811,0,0.4013
4812,0,0.4013
4813,0,0.4013
4814,0,0.4013
4815,1,0.7006
4816,0,0.4013
4817,1,0.6106
4818,0,0.3318
4819,0,0.4626
4820,0,0.4013
4821,0,0.4013
4822,1,0.7006
4823,0,0.4626
4824,0,0.4013
4825,1,0.6225
4826,0,0.3318
4827,0,0.4626
4828,0,0.4013
4829,0,0.4013
4830,0,0.4013
4831,0,0.4013
4832,1,0.6792
4833,0,0.4013
4834,0,0.3318
4835,0,0.4013
4836,0,0.4013
4837,0,0.4013
4838,0,0.4013
4839,1,0.5374
4840,0,0.4013
4841,0,0.4013
4842,0,0.4013
4843,0,0.4013
4844,0,0.4013
4845,0,0.4875
4846,1,0.5744
4847,0,0.4013
4848,1,0.7006
4849,1,0.6106
4850,0,0.3318
4851,0,0.4013
4852,0,0.3318
4853,0,0.4013
4854,0,0.4013
4855,0,0.4013
4856,0,0.4013
4857,0,0.4013
4858,0,0.4013
4859,0,0.4013
4860,0,0.4013
4861,0,0.4013
4862,1,0.5744
4863,0,0.4013
4864,0,0.4013
4865,1,0.7109
4866,0,0.4013
4867,0,0.4013
4868,0,0.4013
4869,0,0.4013
4870,1,0.5374
4871,0,0.4013
4872,0,0.4013
4873,0,0.4013
4874,1,0.6106
4875,1,0.6106
4876,0,0.4013
4877,0,0.4013
4878,0,0.4013
4879,0,0.4013
4880,0,0.4013
4881,0,0.4013
4882,0,0.4013
4883,0,0.4013
4884,0,0.4013
4885,0,0.4626
4886,0,0.3318
4887,0,0.4013
4888,0,0.4013
4889,0,0.4875
4890,0,0.4013
4891,0,0.3318
4892,0,0.4013
4893,0,0.4013
4894,0,0.3318
4895,0,0.4013
4896,0,0.4013
4897,0,0.4013
4898,0,0.3318
4899,0,0.4013
4900,0,0.4013
4901,0,0.4013
4902,0,0.3318
4903,0,0.4013
4904,0,0.4013
4905,0,0.4875
4906,0,0.4013
4907,0,0.4013
4908,0,0.4013
4909,0,0.4013
4910,0,0.4013
4911,1,0.8249
4912,0,0.4013
4913,0,0.4013
4914,1,0.8249
4915,0,0.4013
4916,1,0.525
4917,0,0.4013
4918,0,0.4013
4919,1,0.5744
4920,0,0.4013
4921,0,0.4013
4922,0,0.4013
4923,1,0.5744
4924,1,0.6106
4925,0,0.4013
4926,0,0.4013
4927,1,0.5744
4928,0,0.4013
4929,0,0.4013
4930,0,0.4013
4931,0,0.3318
4932,0,0.4013
4933,0,0.4013
4934,0,0.4013
4935,1,0.6682
4936,0,0.4013
4937,0,0.4013
4938,0,0.3318
4939,0,0.4013
4940,0,0.4013
4941,0,0.4013
4942,0,0.4013
4943,0,0.4013
4944,0,0.4013
4945,0,0.4626
4946,0,0.3318
4947,1,0.6682
4948,0,0.4013
4949,0,0.4013
4950,1,0.6682
4951,0,0.4013
4952,0,0.4875
4953,0,0.4013
4954,0,0.4013
4955,0,0.4013
4956,0,0.4013
4957,0,0.4013
4958,0,0.4013
4959,0,0.4013
4960,0,0.3318
4961,0,0.4013
4962,1,0.525
4963,0,0.4013
4964,0,0.4013
4965,0,0.4013
4966,0,0.4013
4967,0,0.4013
4968,1,0.7006
4969,0,0.4013
4970,0,0.3318
4971,0,0.4013
4972,0,0.4013
4973,0,0.4013
4974,0,0.4013
4975,1,0.7006
4976,0,0.4013
4977,1,0.7006
4978,0,0.4013
4979,0,0.4013
4980,0,0.4013
4981,0,0.4013
4982,0,0.4013
4983,0,0.3318
4984,0,0.4013
4985,0,0.4013
4986,0,0.4013
4987,0,0.4013
4988,0,0.4013
4989,0,0.4013
4990,0,0.4013
4991,0,0.4013
4992,0,0.4013
4993,0,0.4013
4994,0,0.4013
4995,0,0.4013
4996,0,0.4013
4997,0,0.3318
4998,0,0.4013
4999,0,0.4013
5000,0,0.4013
5001,0,0.4013
5002,0,0.4013
5003,0,0.4013
5004,0,0.4013
5005,1,0.525
5006,1,0.5374
5007,0,0.4013
5008,0,0.4013
5009,1,0.5744
5010,0,0.4013
5011,0,0.4013
5012,0,0.4013
5013,0,0.4013
5014,0,0.3318
5015,0,0.4013
5016,1,0.5744
5017,0,0.4013
5018,0,0.4013
5019,0,0.4013
5020,0,0.4013
5021,0,0.3318
5022,1,0.6225
5023,0,0.4013
5024,0,0.4013
5025,0,0.4013
5026,0,0.4013
5027,1,0.6106
5028,0,0.4013
5029,0,0.4875
5030,0,0.4013
5031,0,0.4013
5032,0,0.4875
5033,1,0.6106
5034,0,0.4013
5035,0,0.4013
5036,0,0.4013
5037,0,0.4013
5038,0,0.4013
5039,0,0.4013
5040,0,0.4013
5041,0,0.3318
5042,0,0.4013
5043,0,0.4013
5044,0,0.4013
5045,0,0.4013
5046,0,0.4013
5047,0,0.4013
5048,0,0.4013
5049,1,0.5744
5050,0,0.4013
5051,0,0.4013
5052,0,0.4013
5053,0,0.4013
5054,0,0.4013
5055,0,0.4013
5056,1,0.7006
5057,0,0.4626
5058,0,0.4013
5059,0,0.4013
5060,0,0.4013
5061,0,0.3318
5062,0,0.4013
5063,0,0.4013
5064,0,0.4013
5065,0,0.4013
5066,1,0.6106
5067,1,0.6106
5068,0,0.3318
5069,0,0.4013
5070,0,0.4013
5071,0,0.4875
5072,1,0.8022
5073,0,0.3318
5074,0,0.4013
5075,1,0.6225
5076,0,0.4013
5077,0,0.4013
5078,0,0.4013
5079,0,0.4013
5080,0,0.4013
5081,0,0.4013
5082,0,0.4013
5083,0,0.4013
5084,0,0.4013
5085,0,0.4013
5086,0,0.4013
5087,0,0.4013
5088,0,0.3318
5089,0,0.4013
5090,1,0.7006
5091,0,0.4013
5092,0,0.4013
5093,0,0.4013
5094,0,0.4013
5095,0,0.4013
5096,1,0.6792
5097,1,0.6106
5098,0,0.4013
5099,0,0.4013
5100,0,0.4013
5101,0,0.4013
5102,1,0.8581
5103,0,0.3318
5104,0,0.4013
5105,0,0.3318
5106,1,0.7006
5107,0,0.4013
5108,0,0.4013
5109,0,0.4013
5110,0,0.4013
5111,0,0.4013
5112,0,0.4013
5113,0,0.4013
5114,0,0.4013
5115,0,0.4013
5116,0,0.4013
5117,0,0.4013
5118,0,0.4013
5119,0,0.4013
5120,0,0.4013
5121,0,0.4013
5122,0,0.4013
5123,0,0.4013
5124,0,0.3318
5125,1,0.525
5126,0,0.4013
5127,0,0.4013
5128,1,0.6106
5129,0,0.4013
5130,0,0.4013
5131,1,0.6682
5132,0,0.4013
5133,0,0.4013
5134,1,0.5744
5135,0,0.4013
5136,0,0.4013
5137,0,0.4875
5138,0,0.4013
5139,0,0.4013
5140,0,0.4875
5141,0,0.4013
5142,0,0.4013
5143,0,0.4013
5144,0,0.4013
5145,1,0.8022
5146,0,0.4013
5147,0,0.4013
5148,0,0.4013
5149,0,0.4013
5150,0,0.4013
5151,0,0.4013
5152,0,0.4013
5153,0,0.4013
5154,0,0.4013
5155,1,0.6225
5156,0,0.3318
5157,0,0.4013
5158,0,0.4013
5159,0,0.3318
5160,0,0.4013
5161,0,0.4013
5162,1,0.525
5163,0,0.4013
5164,1,0.525
5165,0,0.4013
5166,0,0.4013
5167,0,0.4013
5168,1,0.525
5169,0,0.4013
5170,1,0.525
5171,0,0.4013
5172,0,0.4875
5173,0,0.4013
5174,0,0.4013
5175,0,0.4013
5176,1,0.5744
5177,0,0.4013
5178,0,0.4013
5179,0,0.4013
5180,1,0.7006
5181,0,0.4013
5182,0,0.4013
5183,0,0.4013
5184,0,0.4013
5185,0,0.4013
5186,0,0.4013
5187,0,0.4013
5188,1,0.7006
5189,1,0.7109
5190,0,0.4013
5191,0,0.4013
5192,0,0.4013
5193,0,0.4013
5194,0,0.4013
5195,1,0.525
5196,1,0.7109
5197,0,0.4013
5198,0,0.4013
5199,0,0.4013
5200,1,0.6682
5201,1,0.5744
5202,0,0.4013
5203,1,0.6682
5204,0,0.4013
5205,0,0.4013
5206,0,0.3318
5207,0,0.3318
5208,0,0.4013
5209,0,0.4013
5210,0,0.4013
5211,1,0.525
5212,1,0.6682
5213,0,0.4013
5214,0,0.4013
5215,1,0.7109
5216,0,0.4013
5217,0,0.4013
5218,0,0.4013
5219,0,0.4013
5220,0,0.4013
5221,1,0.6106
5222,1,0.5744
5223,0,0.3318
5224,0,0.4013
5225,1,0.6792
5226,0,0.4875
5227,0,0.4013
5228,0,0.4013
5229,0,0.4013
5230,0,0.4013
5231,0,0.4013
5232,0,0.4013
5233,0,0.4013
5234,0,0.4013
5235,0,0.4013
5236,0,0.4013
5237,0,0.4013
5238,1,0.6225
5239,0,0.4013
5240,0,0.4013
5241,0,0.4013
5242,0,0.4013
5243,0,0.4875
5244,0,0.4013
5245,0,0.4013
5246,0,0.4013
5247,0,0.4013
5248,0,0.4013
5249,0,0.4013
5250,1,0.5374
5251,0,0.4013
5252,0,0.4013
5253,0,0.4013
5254,0,0.4013
5255,0,0.4013
5256,0,0.4013
5257,1,0.7109
5258,1,0.5744
5259,0,0.4013
5260,0,0.4013
5261,0,0.4013
5262,0,0.4013
5263,0,0.4875
5264,0,0.4013
5265,0,0.4013
5266,1,0.7685
5267,0,0.4013
5268,0,0.4013
5269,0,0.4013
5270,0,0.4013
5271,0,0.4013
5272,0,0.4013
5273,0,0.4013
5274,1,0.7503
5275,1,0.7006
5276,0,0.4013
5277,0,0.4013
5278,0,0.4013
5279,0,0.4013
5280,0,0.4013
5281,0,0.4013
5282,0,0.4013
5283,1,0.5866
5284,0,0.4013
5285,0,0.4013
5286,0,0.4013
5287,0,0.3318
5288,1,0.525
5289,0,0.4013
5290,0,0.4013
5291,0,0.4013
5292,0,0.4013
5293,0,0.4626
5294,1,0.525
5295,0,0.4013
5296,1,0.525
5297,0,0.3318
5298,0,0.4013
5299,0,0.4013
5300,0,0.4013
5301,0,0.4013
5302,1,0.7006
5303,0,0.3318
5304,0,0.4013
5305,0,0.4013
5306,0,0.4013
5307,1,0.6106
5308,0,0.3318
5309,0,0.4013
5310,0,0.4013
5311,1,0.5374
5312,0,0.4013
5313,0,0.4013
5314,0,0.4013
5315,0,0.4013
5316,0,0.4013
5317,1,0.5744
5318,1,0.7006
5319,0,0.4013
5320,0,0.4013
5321,0,0.4013
5322,0,0.4013
5323,0,0.4626
5324,0,0.4013
5325,0,0.4875
5326,0,0.4013
5327,0,0.4013
5328,1,0.6106
5329,0,0.4013
5330,1,0.5374
5331,0,0.4013
5332,0,0.4013
5333,0,0.4013
5334,0,0.4013
5335,1,0.5744
5336,0,0.4013
5337,0,0.4013
5338,0,0.4013
5339,0,0.4013
5340,1,0.5744
5341,0,0.4013
5342,0,0.3318
5343,0,0.4013
5344,0,0.4013
5345,0,0.4013
5346,0,0.4013
5347,0,0.4013
5348,0,0.4013
5349,0,0.4013
5350,0,0.4626
5351,0,0.4013
5352,0,0.4013
5353,0,0.3318
5354,0,0.4013
5355,0,0.4013
5356,0,0.4013
5357,0,0.4013
5358,0,0.4013
5359,0,0.4013
5360,0,0.4013
5361,0,0.4013
5362,0,0.4013
5363,0,0.4013
5364,0,0.4013
5365,0,0.3318
5366,0,0.4013
5367,0,0.4013
5368,0,0.4013
5369,0,0.4013
5370,0,0.4626
5371,0,0.4013
5372,0,0.4875
5373,0,0.4013
5374,0,0.4013
5375,1,0.852
5376,0,0.4013
5377,0,0.4013
5378,0,0.4013
5379,0,0.4013
5380,1,0.6106
5381,0,0.4013
5382,0,0.4013
5383,0,0.4013
5384,0,0.4013
5385,0,0.4013
5386,0,0.4013
5387,0,0.4013
5388,0,0.4013
5389,0,0.4013
5390,0,0.4013
5391,0,0.4013
5392,0,0.4013
5393,0,0.4013
5394,0,0.4013
5395,0,0.4013
5396,1,0.7006
5397,0,0.4013
5398,0,0.4013
5399,1,0.5374
5400,0,0.4013
5401,0,0.4626
5402,0,0.4013
5403,0,0.3318
5404,0,0.4013
5405,1,0.6682
5406,0,0.3318
5407,0,0.4013
5408,1,0.525
5409,0,0.4013
5410,0,0.4013
5411,0,0.4013
5412,0,0.4013
5413,0,0.4013
5414,0,0.4013
5415,0,0.4013
5416,0,0.3318
5417,1,0.657
5418,0,0.4013
5419,0,0.4013
5420,1,0.6106
5421,0,0.4875
5422,1,0.7006
5423,1,0.7595
5424,1,0.6106
5425,0,0.4013
5426,0,0.4013
5427,0,0.4013
5428,0,0.4013
5429,0,0.4013
5430,0,0.4013
5431,1,0.6106
5432,0,0.4013
5433,0,0.4013
5434,0,0.4013
5435,0,0.4013
5436,0,0.3318
5437,1,0.7006
5438,0,0.4013
5439,0,0.4013
5440,0,0.4013
5441,1,0.7006
5442,0,0.4013
5443,0,0.4013
5444,0,0.4013
5445,0,0.4013
5446,0,0.4013
5447,0,0.4013
5448,0,0.4013
5449,0,0.4013
5450,0,0.4013
5451,0,0.4013
5452,0,0.4013
5453,1,0.8455
5454,0,0.4013
5455,0,0.4013
5456,0,0.4013
5457,0,0.4013
5458,1,0.5744
5459,0,0.4013
5460,0,0.4013
5461,0,0.4013
5462,0,0.4013
5463,0,0.4013
5464,0,0.4013
5465,0,0.4013
5466,0,0.4013
5467,0,0.4013
5468,0,0.4013
5469,0,0.4013
5470,0,0.3318
5471,0,0.4013
5472,0,0.4013
5473,0,0.4013
5474,0,0.4013
5475,0,0.4013
5476,0,0.4626
5477,0,0.4013
5478,0,0.4013
5479,0,0.4013
5480,0,0.4013
5481,0,0.4013
5482,0,0.4013
5483,0,0.4013
5484,0,0.4013
5485,0,0.4013
5486,0,0.4013
5487,0,0.4013
5488,1,0.5744
5489,0,0.4013
5490,0,0.4875
5491,0,0.4013
5492,0,0.4013
5493,1,0.525
5494,0,0.4013
5495,0,0.4013
5496,0,0.4013
5497,0,0.4013
5498,0,0.4013
5499,0,0.4013
5500,0,0.4013
5501,0,0.4013
5502,0,0.4013
5503,0,0.4013
5504,0,0.4013
5505,0,0.4013
5506,0,0.2891
5507,0,0.4013
5508,0,0.4013
5509,0,0.3318
5510,0,0.4013
5511,0,0.4013
5512,0,0.4013
5513,0,0.4013
5514,0,0.3318
5515,0,0.4013
5516,0,0.4013
5517,0,0.4013
5518,0,0.4013
5519,0,0.4013
5520,0,0.4013
5521,0,0.4013
5522,0,0.4013
5523,0,0.4013
5524,0,0.4013
5525,0,0.4013
5526,0,0.3318
5527,0,0.4013
5528,1,0.5744
5529,0,0.4013
5530,0,0.4013
5531,0,0.4013
5532,1,0.8022
5533,0,0.4013
5534,0,0.4013
5535,0,0.4013
5536,0,0.4013
5537,0,0.4013
5538,0,0.4013
5539,1,0.5374
5540,0,0.4013
5541,0,0.4013
5542,0,0.4013
5543,0,0.4013
5544,0,0.4013
5545,0,0.4013
5546,0,0.3318
5547,0,0.4013
5548,0,0.4013
5549,0,0.4013
5550,0,0.4013
5551,0,0.4013
5552,0,0.4013
5553,1,0.657
5554,0,0.4013
5555,0,0.4013
5556,0,0.4013
5557,0,0.4013
5558,0,0.4013
5559,0,0.4013
5560,0,0.4013
5561,0,0.4013
5562,0,0.4013
5563,0,0.4013
5564,0,0.4013
5565,0,0.4013
5566,0,0.4013
5567,0,0.4013
5568,0,0.4013
5569,0,0.4013
5570,0,0.4875
5571,0,0.4013
5572,0,0.4013
5573,0,0.4013
5574,0,0.4013
5575,1,0.6682
5576,0,0.4013
5577,0,0.4626
5578,0,0.4013
5579,1,0.7109
5580,0,0.4013
5581,0,0.4013
5582,1,0.7006
5583,0,0.4013
5584,1,0.7006
5585,0,0.4013
5586,0,0.4013
5587,0,0.4013
5588,0,0.4013
5589,0,0.4013
5590,0,0.4013
5591,0,0.4013
5592,1,0.7595
5593,1,0.5744
5594,1,0.6106
5595,0,0.4013
5596,1,0.5744
5597,0,0.4013
5598,1,0.6106
5599,0,0.4013
5600,0,0.2891
