id,klass,score
1,0,0
2,0,0
3,0,0
4,1,1
5,0,0
6,0,0
7,0,1
8,0,0
9,0,0
10,0,0
11,0,0
12,1,1
13,0,1
14,1,1
15,0,0
16,0,0
17,1,1
18,1,1
19,0,0
20,0,0
21,1,1
22,1,1
23,0,0
24,0,0
25,1,1
26,1,1
27,1,1
28,1,1
29,0,0
30,1,1
31,1,1
32,0,0
33,1,1
34,0,0
35,0,0
36,0,1
37,0,0
38,1,1
39,0,0
40,1,1
41,0,0
42,1,1
43,0,0
44,1,1
45,1,1
46,0,0
47,0,1
48,0,0
49,1,1
50,0,0
51,1,1
52,0,0
53,1,1
54,1,1
55,1,1
56,0,1
57,1,1
58,0,0
59,1,1
60,0,0
61,0,0
62,0,0
63,0,0
64,0,0
65,0,0
66,0,0
67,1,1
68,1,1
69,0,0
70,0,0
71,0,0
72,1,1
73,1,1
74,0,0
75,0,0
76,1,1
77,1,1
78,1,1
79,0,0
80,0,0
81,1,1
82,1,1
83,0,0
84,0,1
85,0,0
86,0,0
87,1,1
88,0,0
89,0,0
90,0,0
91,0,0
92,1,1
93,0,0
94,0,0
95,1,1
96,0,0
97,0,0
98,0,0
99,0,1
100,0,0
101,1,1
102,0,0
103,1,1
104,1,1
105,0,0
106,1,1
107,1,1
108,1,1
109,0,0
110,0,0
111,0,0
112,0,0
113,1,1
114,0,0
115,1,1
116,0,0
117,1,1
118,0,0
119,1,1
120,1,1
121,0,0
122,1,1
123,0,1
124,0,0
125,1,1
126,1,1
127,0,0
128,0,0
129,0,0
130,1,1
131,0,0
132,0,0
133,0,0
134,0,0
135,0,0
136,0,0
137,0,0
138,0,0
139,1,1
140,1,1
141,0,0
142,0,0
143,1,1
144,0,0
145,0,0
146,1,1
147,0,0
148,0,0
149,0,0
150,0,0
151,1,1
152,1,1
153,0,0
154,1,1
155,0,0
156,0,0
157,1,1
158,0,1
159,1,1
160,0,0
161,1,1
162,0,0
163,1,1
164,1,1
165,0,0
166,0,0
167,1,1
168,1,1
169,0,0
170,0,0
171,0,0
172,0,0
173,1,1
174,0,0
175,0,0
176,0,0
177,0,0
178,0,0
179,0,0
180,1,1
181,0,0
182,0,0
183,0,0
184,0,0
185,0,0
186,0,0
187,1,1
188,0,0
189,0,0
190,1,1
191,0,0
192,0,0
193,0,0
194,0,0
195,0,0
196,0,0
197,0,0
198,0,0
199,0,0
200,1,1
201,1,1
202,1,1
203,1,1
204,0,0
205,0,0
206,0,0
207,1,1
208,0,0
209,1,1
210,1,1
211,1,1
212,1,1
213,1,1
214,0,0
215,0,0
216,1,0
217,0,0
218,0,0
219,0,0
220,0,0
221,0,0
222,0,0
223,0,0
224,0,0
225,0,0
226,0,0
227,0,0
228,0,0
229,0,0
230,0,0
231,1,1
232,0,0
233,0,0
234,1,1
235,0,0
236,0,0
237,1,1
238,0,0
239,0,0
240,1,1
241,1,1
242,1,1
243,0,0
244,1,1
245,0,0
246,0,0
247,0,0
248,0,0
249,1,1
250,0,0
251,0,0
252,1,1
253,0,0
254,0,1
255,1,1
256,0,1
257,1,1
258,0,0
259,0,0
260,1,1
261,1,1
262,0,0
263,0,0
264,0,0
265,0,0
266,0,0
267,0,0
268,0,0
269,1,1
270,0,0
271,0,0
272,0,0
273,0,0
274,0,1
275,1,1
276,0,0
277,0,0
278,0,0
279,1,1
280,0,0
281,1,1
282,1,1
283,1,1
284,0,0
285,1,1
286,0,0
287,0,0
288,0,0
289,1,1
290,0,0
291,1,1
292,0,0
293,0,0
294,0,0
295,0,0
296,0,0
297,0,0
298,1,1
299,0,0
300,0,0
301,0,0
302,0,0
303,1,1
304,0,0
305,0,0
306,0,0
307,0,0
308,0,0
309,1,1
310,0,0
311,0,1
312,1,1
313,0,1
314,0,0
315,0,0
316,0,0
317,0,0
318,1,1
319,0,0
320,0,0
321,0,0
322,0,0
323,0,0
324,0,0
325,0,0
326,1,1
327,0,0
328,1,1
329,0,0
330,0,0
331,0,0
332,0,0
333,0,0
334,1,1
335,0,1
336,1,1
337,0,0
338,1,1
339,1,1
340,1,1
341,0,0
342,1,1
343,0,0
344,0,0
345,1,1
346,0,0
347,1,1
348,1,1
349,0,0
350,0,0
351,0,0
352,0,0
353,0,0
354,0,0
355,1,1
356,1,1
357,0,0
358,0,0
359,0,0
360,0,0
361,0,0
362,1,1
363,0,0
364,1,1
365,0,0
366,1,1
367,1,1
368,0,0
369,0,0
370,1,1
371,0,0
372,0,0
373,1,1
374,0,0
375,0,0
376,0,0
377,0,0
378,0,0
379,0,0
380,0,0
381,0,0
382,0,0
383,0,0
384,1,1
385,0,0
386,1,1
387,0,0
388,0,0
389,1,1
390,0,0
391,1,1
392,1,1
393,0,0
394,0,0
395,1,1
396,0,0
397,1,1
398,0,0
399,0,0
400,1,1
401,1,1
402,0,0
403,0,0
404,0,0
405,0,0
406,1,1
407,0,0
408,0,0
409,0,0
410,1,1
411,1,1
412,0,0
413,0,0
414,0,0
415,0,0
416,0,0
417,0,0
418,0,0
419,1,1
420,0,0
421,0,0
422,0,0
423,0,0
424,1,1
425,0,0
426,0,0
427,0,1
428,0,0
429,0,0
430,0,0
431,1,1
432,1,1
433,1,1
434,0,0
435,0,0
436,0,0
437,0,0
438,0,0
439,0,0
440,1,1
441,0,0
442,0,0
443,0,0
444,0,0
445,0,0
446,0,0
447,1,1
448,1,1
449,0,0
450,1,1
451,1,1
452,0,0
453,0,0
454,1,1
455,1,1
456,1,1
457,0,0
458,1,1
459,1,1
460,0,0
461,0,0
462,1,1
463,0,0
464,0,0
465,0,0
466,0,0
467,1,1
468,1,1
469,1,1
470,0,0
471,1,1
472,0,0
473,0,0
474,0,0
475,0,0
476,0,0
477,0,0
478,0,0
479,1,1
480,0,0
481,0,0
482,0,0
483,0,0
484,1,1
485,1,1
486,1,1
487,0,0
488,0,0
489,0,0
490,0,0
491,0,0
492,0,0
493,0,0
494,0,0
495,1,1
496,0,0
497,1,1
498,1,1
499,0,0
500,0,0
501,0,0
502,0,0
503,0,0
504,0,0
505,0,0
506,0,0
507,1,1
508,0,0
509,1,1
510,0,0
511,1,1
512,0,0
513,0,0
514,0,0
515,0,0
516,0,0
517,1,1
518,1,1
519,1,1
520,0,1
521,1,1
522,0,0
523,0,0
524,0,0
525,0,0
526,0,0
527,1,1
528,1,1
529,0,0
530,0,0
531,0,0
532,0,0
533,0,0
534,0,0
535,0,0
536,1,1
537,0,1
538,1,1
539,0,1
540,0,0
541,1,1
542,1,1
543,1,1
544,1,1
545,0,0
546,0,0
547,0,0
548,1,1
549,0,0
550,0,0
551,0,0
552,0,0
553,1,1
554,0,0
555,1,1
556,1,1
557,0,0
558,1,1
559,0,0
560,1,1
561,1,1
562,0,0
563,0,0
564,0,0
565,0,0
566,0,0
567,0,0
568,0,0
569,0,0
570,0,0
571,0,0
572,1,1
573,0,0
574,0,0
575,0,0
576,1,1
577,0,0
578,0,1
579,0,0
580,0,0
581,0,0
582,0,0
583,0,0
584,0,0
585,0,0
586,1,1
587,0,0
588,0,0
589,0,1
590,0,0
591,1,1
592,1,1
593,1,1
594,1,1
595,1,1
596,0,0
597,0,0
598,0,0
599,0,0
600,0,0
601,0,0
602,0,0
603,1,1
604,1,1
605,1,1
606,1,1
607,1,1
608,0,0
609,0,0
610,1,1
611,0,0
612,1,1
613,0,0
614,0,0
615,0,0
616,0,0
617,0,0
618,0,0
619,0,0
620,0,0
621,0,0
622,1,1
623,1,1
624,0,0
625,0,0
626,0,0
627,1,1
628,1,1
629,1,1
630,0,0
631,1,1
632,0,0
633,0,1
634,1,1
635,1,1
636,0,0
637,1,1
638,0,0
639,0,0
640,1,1
641,1,1
642,0,0
643,0,0
644,0,0
645,1,1
646,0,0
647,0,0
648,1,1
649,0,0
650,0,0
651,0,0
652,1,1
653,0,0
654,0,1
655,0,0
656,0,0
657,1,1
658,1,1
659,0,0
660,0,0
661,0,0
662,0,0
663,0,0
664,0,0
665,0,0
666,0,0
667,1,1
668,0,0
669,0,0
670,0,0
671,0,0
672,1,1
673,0,0
674,0,0
675,0,0
676,0,0
677,0,0
678,0,0
679,1,1
680,0,0
681,0,0
682,0,0
683,1,1
684,0,0
685,0,0
686,1,1
687,0,0
688,0,0
689,0,0
690,0,0
691,0,0
692,0,0
693,1,1
694,1,1
695,0,0
696,1,1
697,0,0
698,0,0
699,0,0
700,0,0
701,0,0
702,0,0
703,0,0
704,0,0
705,1,1
706,1,1
707,1,1
708,1,1
709,1,1
710,0,0
711,0,0
712,1,1
713,0,0
714,0,0
715,0,0
716,1,1
717,0,0
718,0,0
719,0,0
720,0,0
721,0,0
722,0,0
723,0,0
724,1,1
725,0,0
726,0,0
727,0,1
728,0,0
729,0,0
730,1,1
731,0,0
732,1,1
733,1,1
734,1,1
735,1,1
736,1,1
737,1,1
738,1,1
739,1,1
740,1,1
741,0,0
742,0,1
743,0,0
744,0,0
745,1,1
746,0,0
747,0,0
748,0,0
749,0,0
750,1,1
751,0,0
752,1,1
753,0,0
754,0,0
755,1,1
756,1,1
757,1,1
758,0,0
759,0,0
760,1,1
761,1,1
762,0,0
763,0,0
764,0,0
765,1,1
766,0,0
767,0,0
768,0,0
769,0,0
770,0,0
771,0,1
772,1,1
773,1,1
774,1,1
775,0,0
776,0,0
777,1,1
778,0,0
779,1,1
780,1,1
781,0,0
782,0,0
783,0,0
784,0,0
785,0,0
786,0,0
787,0,0
788,0,0
789,0,0
790,0,0
791,0,0
792,0,0
793,0,0
794,1,1
795,0,0
796,0,0
797,0,0
798,0,0
799,0,0
800,0,0
801,1,1
802,0,0
803,0,0
804,0,0
805,1,1
806,0,0
807,1,1
808,0,0
809,1,1
810,0,1
811,1,1
812,0,0
813,0,0
814,0,0
815,0,0
816,0,0
817,0,0
818,1,1
819,0,0
820,1,1
821,0,0
822,0,0
823,0,0
824,1,1
825,0,0
826,1,1
827,1,1
828,0,0
829,1,1
830,0,0
831,0,0
832,0,0
833,1,1
834,0,0
835,0,0
836,1,1
837,0,0
838,1,1
839,1,1
840,1,1
841,0,0
842,1,1
843,1,1
844,0,0
845,0,0
846,0,0
847,1,1
848,0,0
849,1,1
850,0,0
851,1,1
852,0,0
853,0,0
854,0,0
855,1,1
856,0,0
857,0,0
858,1,1
859,0,0
860,0,0
861,1,1
862,0,0
863,1,1
864,0,0
865,1,1
866,0,0
867,1,1
868,1,1
869,1,1
870,0,0
871,0,0
872,0,0
873,0,0
874,1,1
875,0,0
876,0,1
877,0,0
878,0,0
879,0,1
880,1,1
881,0,0
882,0,0
883,0,0
884,0,0
885,0,0
886,0,0
887,1,1
888,0,0
889,0,0
890,1,1
891,0,0
892,1,1
893,1,1
894,0,0
895,0,0
896,0,0
897,0,0
898,1,1
899,0,0
900,0,0
901,1,1
902,1,1
903,0,1
904,0,0
905,0,0
906,1,1
907,0,0
908,0,0
909,1,1
910,0,0
911,0,0
912,0,0
913,0,0
914,0,0
915,0,0
916,0,0
917,0,0
918,1,1
919,1,1
920,0,0
921,0,0
922,0,0
923,0,0
924,0,0
925,1,1
926,0,0
927,0,0
928,0,0
929,0,0
930,1,1
931,0,0
932,0,0
933,0,0
934,0,0
935,1,1
936,1,1
937,1,1
938,1,1
939,1,1
940,0,0
941,0,0
942,1,1
943,0,0
944,1,1
945,0,0
946,0,0
947,0,0
948,1,1
949,0,0
950,0,0
951,0,0
952,0,0
953,0,0
954,0,0
955,0,0
956,0,0
957,0,0
958,0,0
959,0,0
960,0,0
961,0,0
962,0,0
963,0,0
964,0,0
965,1,1
966,1,1
967,1,1
968,0,0
969,0,0
970,1,1
971,0,0
972,0,0
973,1,1
974,0,0
975,1,1
976,1,1
977,0,0
978,0,0
979,0,0
980,0,0
981,0,0
982,0,1
983,0,0
984,0,0
985,1,1
986,0,0
987,1,0
988,0,1
989,0,0
990,0,0
991,0,0
992,0,0
993,0,0
994,1,1
995,0,0
996,0,0
997,0,0
998,0,0
999,1,1
1000,0,0
1001,1,0
1002,0,0
1003,0,0
1004,0,0
1005,0,0
1006,0,0
1007,1,1
1008,1,1
1009,0,0
1010,0,0
1011,0,0
1012,0,0
1013,1,1
1014,0,0
1015,0,0
1016,0,0
1017,0,0
1018,1,1
1019,0,0
1020,0,0
1021,0,0
1022,0,0
1023,0,0
1024,0,0
1025,0,0
1026,0,0
1027,0,0
1028,0,0
1029,0,1
1030,0,0
1031,0,0
1032,0,0
1033,0,0
1034,0,0
1035,0,0
1036,1,1
1037,0,0
1038,1,1
1039,0,0
1040,0,0
1041,0,0
1042,0,1
1043,0,0
1044,0,0
1045,1,1
1046,0,0
1047,1,1
1048,0,0
1049,0,0
1050,0,0
1051,0,0
1052,1,1
1053,1,1
1054,0,0
1055,0,0
1056,1,1
1057,0,0
1058,0,0
1059,1,1
1060,0,0
1061,0,0
1062,0,0
1063,1,1
1064,0,0
1065,1,1
1066,1,1
1067,0,0
1068,1,1
1069,0,0
1070,1,1
1071,1,1
1072,0,0
1073,0,0
1074,0,0
1075,0,0
1076,1,1
1077,0,0
1078,0,0
1079,1,1
1080,0,0
1081,1,1
1082,0,0
1083,0,0
1084,0,0
1085,0,0
1086,1,1
1087,1,1
1088,0,0
1089,1,1
1090,0,0
1091,0,0
1092,0,0
1093,0,0
1094,0,0
1095,0,0
1096,0,0
1097,1,1
1098,1,1
1099,1,1
1100,0,1
1101,1,1
1102,0,0
1103,0,0
1104,0,0
1105,1,1
1106,0,0
1107,0,0
1108,0,0
1109,1,1
1110,1,1
1111,1,1
1112,1,1
1113,1,1
1114,0,0
1115,1,1
1116,1,1
1117,1,1
1118,0,0
1119,0,0
1120,0,0
1121,0,0
1122,0,0
1123,1,1
1124,1,1
1125,1,1
1126,0,0
1127,1,1
1128,0,0
1129,1,1
1130,1,1
1131,1,1
1132,0,0
1133,0,0
1134,0,0
1135,0,0
1136,0,0
1137,0,0
1138,0,0
1139,0,0
1140,0,0
1141,0,0
1142,0,0
1143,0,0
1144,0,0
1145,0,0
1146,0,0
1147,0,0
1148,1,1
1149,0,0
1150,1,1
1151,0,0
1152,0,0
1153,1,1
1154,0,0
1155,1,1
1156,1,1
1157,0,0
1158,0,0
1159,0,0
1160,1,1
1161,1,1
1162,0,0
1163,0,0
1164,0,0
1165,1,1
1166,0,0
1167,0,1
1168,0,0
1169,0,0
1170,0,1
1171,1,1
1172,0,1
1173,0,0
1174,1,1
1175,0,1
1176,0,0
1177,0,0
1178,0,0
1179,0,0
1180,0,0
1181,1,1
1182,1,1
1183,0,0
1184,0,0
1185,1,1
1186,0,0
1187,0,0
1188,1,1
1189,0,0
1190,0,0
1191,0,0
1192,1,1
1193,0,0
1194,1,1
1195,1,1
1196,0,0
1197,1,1
1198,1,1
1199,0,0
1200,0,0
1201,0,0
1202,0,0
1203,0,0
1204,1,1
1205,1,1
1206,0,0
1207,0,0
1208,0,0
1209,0,0
1210,0,0
1211,0,0
1212,1,1
1213,0,0
1214,0,0
1215,1,1
1216,0,0
1217,1,1
1218,1,1
1219,0,0
1220,1,1
1221,0,0
1222,1,1
1223,0,0
1224,1,1
1225,1,1
1226,0,1
1227,0,0
1228,1,1
1229,0,0
1230,1,1
1231,0,1
1232,0,0
1233,1,1
1234,0,0
1235,0,0
1236,0,0
1237,1,1
1238,1,1
1239,0,0
1240,0,0
1241,0,0
1242,1,1
1243,0,0
1244,0,0
1245,1,1
1246,1,1
1247,1,1
1248,1,1
1249,1,1
1250,0,0
1251,0,0
1252,1,1
1253,1,1
1254,0,0
1255,0,0
1256,0,0
1257,0,0
1258,0,0
1259,1,1
1260,0,0
1261,1,1
1262,1,1
1263,1,1
1264,1,1
1265,0,0
1266,0,0
1267,1,1
1268,0,0
1269,0,0
1270,0,0
1271,0,0
1272,1,1
1273,1,1
1274,1,1
1275,0,0
1276,0,0
1277,0,0
1278,1,1
1279,1,1
1280,0,0
1281,1,1
1282,0,0
1283,1,1
1284,0,0
1285,1,1
1286,1,1
1287,0,0
1288,0,0
1289,0,0
1290,1,1
1291,1,1
1292,1,1
1293,0,0
1294,0,0
1295,1,1
1296,1,1
1297,0,0
1298,0,0
1299,1,1
1300,0,0
1301,1,1
1302,1,1
1303,0,0
1304,1,1
1305,0,0
1306,0,0
1307,0,0
1308,0,0
1309,0,0
1310,0,0
1311,1,1
1312,0,0
1313,0,0
1314,1,1
1315,0,1
1316,1,1
1317,0,1
1318,1,1
1319,0,0
1320,0,1
1321,0,0
1322,0,0
1323,1,1
1324,1,1
1325,1,1
1326,0,0
1327,0,0
1328,1,1
1329,0,0
1330,1,1
1331,0,0
1332,1,1
1333,0,0
1334,0,0
1335,1,1
1336,0,0
1337,1,1
1338,0,0
1339,0,0
1340,0,0
1341,0,0
1342,1,1
1343,1,1
1344,1,1
1345,1,1
1346,0,0
1347,0,0
1348,1,1
1349,1,1
1350,1,1
1351,0,0
1352,0,0
1353,0,0
1354,0,0
1355,0,0
1356,1,1
1357,0,0
1358,0,0
1359,1,1
1360,0,0
1361,1,1
1362,0,0
1363,1,1
1364,0,0
1365,0,0
1366,1,1
1367,0,0
1368,1,1
1369,0,0
1370,0,0
1371,0,0
1372,0,0
1373,0,0
1374,1,1
1375,1,1
1376,0,0
1377,0,1
1378,0,0
1379,0,0
1380,1,1
1381,0,0
1382,1,1
1383,1,1
1384,1,1
1385,0,0
1386,1,1
1387,1,1
1388,1,1
1389,0,0
1390,0,0
1391,0,0
1392,1,1
1393,0,0
1394,1,1
1395,1,1
1396,0,0
1397,1,1
1398,0,0
1399,0,0
1400,0,0
1401,1,1
1402,1,1
1403,0,0
1404,0,0
1405,1,1
1406,1,1
1407,0,0
1408,0,0
1409,1,1
1410,0,0
1411,1,1
1412,1,1
1413,0,0
1414,1,1
1415,0,0
1416,0,0
1417,0,0
1418,0,0
1419,1,1
1420,0,0
1421,1,1
1422,1,1
1423,0,0
1424,0,0
1425,0,0
1426,0,0
1427,0,0
1428,0,0
1429,1,1
1430,0,0
1431,0,0
1432,0,0
1433,0,0
1434,0,0
1435,1,1
1436,0,0
1437,1,1
1438,0,0
1439,1,1
1440,1,1
1441,1,1
1442,1,1
1443,1,1
1444,0,0
1445,1,1
1446,0,0
1447,0,0
1448,0,0
1449,0,0
1450,0,0
1451,0,0
1452,1,1
1453,1,1
1454,0,0
1455,0,0
1456,0,0
1457,1,1
1458,1,1
1459,0,0
1460,0,0
1461,0,1
1462,0,0
1463,0,0
1464,1,1
1465,1,1
1466,0,0
1467,0,0
1468,1,1
1469,0,0
1470,1,1
1471,0,0
1472,0,0
1473,0,0
1474,0,0
1475,0,0
1476,0,0
1477,1,1
1478,0,0
1479,1,1
1480,0,0
1481,0,0
1482,0,0
1483,0,1
1484,0,0
1485,1,1
1486,0,0
1487,0,0
1488,0,0
1489,1,1
1490,0,0
1491,0,0
1492,0,0
1493,0,0
1494,0,0
1495,1,1
1496,0,0
1497,1,1
1498,0,0
1499,0,0
1500,0,0
1501,0,0
1502,1,1
1503,0,0
1504,1,1
1505,0,0
1506,0,0
1507,0,0
1508,0,1
1509,0,0
1510,1,1
1511,1,1
1512,1,1
1513,0,1
1514,0,0
1515,0,0
1516,0,0
1517,1,1
1518,1,1
1519,0,0
1520,1,1
1521,0,0
1522,0,0
1523,0,0
1524,0,1
1525,0,0
1526,1,1
1527,0,0
1528,0,0
1529,1,1
1530,1,1
1531,1,1
1532,1,1
1533,0,1
1534,0,0
1535,0,0
1536,0,0
1537,1,1
1538,1,1
1539,1,1
1540,0,0
1541,0,1
1542,0,0
1543,0,0
1544,0,0
1545,0,0
1546,1,1
1547,0,0
1548,0,0
1549,1,1
1550,1,1
1551,0,0
1552,1,1
1553,0,0
1554,0,0
1555,0,0
1556,0,0
1557,1,1
1558,1,1
1559,0,0
1560,0,0
1561,0,0
1562,0,0
1563,0,0
1564,1,1
1565,0,0
1566,0,0
1567,0,0
1568,0,0
1569,1,1
1570,1,1
1571,1,1
1572,0,0
1573,1,1
1574,0,0
1575,0,0
1576,0,0
1577,0,0
1578,0,0
1579,0,0
1580,0,0
1581,0,1
1582,0,0
1583,1,1
1584,0,0
1585,0,0
1586,0,0
1587,0,0
1588,0,0
1589,1,1
1590,0,0
1591,0,0
1592,0,0
1593,0,0
1594,1,1
1595,0,0
1596,0,0
1597,0,0
1598,0,0
1599,0,0
1600,0,0
1601,0,0
1602,0,0
1603,1,1
1604,0,0
1605,0,0
1606,0,0
1607,0,0
1608,0,0
1609,1,1
1610,1,1
1611,0,0
1612,0,0
1613,1,1
1614,1,1
1615,0,0
1616,0,0
1617,0,1
1618,0,1
1619,0,0
1620,0,0
1621,0,0
1622,0,0
1623,0,0
1624,0,0
1625,1,1
1626,0,0
1627,0,0
1628,0,0
1629,0,0
1630,0,0
1631,0,0
1632,0,0
1633,0,0
1634,0,0
1635,1,1
1636,0,0
1637,0,0
1638,0,0
1639,0,1
1640,0,1
1641,0,0
1642,0,0
1643,0,0
1644,0,0
1645,0,0
1646,0,0
1647,1,1
1648,1,1
1649,0,0
1650,0,0
1651,0,0
1652,1,1
1653,0,0
1654,0,0
1655,1,1
1656,0,0
1657,0,0
1658,1,1
1659,0,0
1660,0,0
1661,0,0
1662,1,0
1663,0,0
1664,0,0
1665,1,1
1666,0,0
1667,1,1
1668,1,1
1669,1,1
1670,0,0
1671,0,0
1672,0,0
1673,1,1
1674,1,1
1675,1,1
1676,0,0
1677,0,0
1678,0,0
1679,0,0
1680,1,1
1681,0,0
1682,1,1
1683,0,0
1684,0,0
1685,1,1
1686,0,0
1687,0,0
1688,1,1
1689,1,1
1690,0,0
1691,1,1
1692,0,0
1693,0,0
1694,1,1
1695,0,0
1696,0,0
1697,0,0
1698,0,0
1699,0,0
1700,0,0
1701,0,0
1702,1,1
1703,0,0
1704,1,1
1705,1,1
1706,0,0
1707,1,1
1708,0,0
1709,0,0
1710,0,0
1711,0,0
1712,0,0
1713,0,0
1714,0,0
1715,1,1
1716,0,0
1717,1,1
1718,0,0
1719,0,0
1720,0,0
1721,0,0
1722,1,1
1723,1,1
1724,0,0
1725,0,0
1726,0,0
1727,0,0
1728,0,0
1729,1,1
1730,1,1
1731,0,0
1732,1,1
1733,1,1
1734,0,0
1735,0,0
1736,0,0
1737,0,0
1738,1,1
1739,0,0
1740,0,0
1741,1,1
1742,1,1
1743,0,0
1744,0,0
1745,1,1
1746,0,0
1747,1,1
1748,1,1
1749,1,1
1750,0,0
1751,0,0
1752,0,0
1753,0,0
1754,0,0
1755,0,0
1756,1,1
1757,0,0
1758,0,0
1759,0,0
1760,0,0
1761,1,1
1762,1,1
1763,1,1
1764,0,0
1765,0,0
1766,0,0
1767,1,1
1768,1,1
1769,1,1
1770,0,0
1771,0,0
1772,0,0
1773,1,1
1774,1,1
1775,0,0
1776,1,1
1777,1,1
1778,1,1
1779,0,0
1780,0,0
1781,0,0
1782,0,0
1783,0,0
1784,0,0
1785,0,0
1786,1,1
1787,0,0
1788,0,0
1789,0,0
1790,1,1
1791,0,0
1792,0,0
1793,0,0
1794,0,0
1795,1,1
1796,0,0
1797,0,0
1798,0,0
1799,0,0
1800,1,1
1801,0,0
1802,1,1
1803,0,0
1804,0,0
1805,0,0
1806,1,1
1807,0,0
1808,0,0
1809,0,0
1810,1,1
1811,0,0
1812,0,0
1813,1,1
1814,0,0
1815,0,0
1816,0,0
1817,0,0
1818,0,0
1819,0,0
1820,1,1
1821,1,1
1822,0,0
1823,1,1
1824,0,0
1825,0,0
1826,0,0
1827,0,0
1828,1,1
1829,1,1
1830,0,0
1831,0,0
1832,1,1
1833,0,0
1834,0,0
1835,0,0
1836,0,0
1837,0,0
1838,0,0
1839,0,0
1840,0,0
1841,0,0
1842,1,1
1843,1,1
1844,1,1
1845,0,0
1846,1,1
1847,0,0
1848,1,1
1849,0,0
1850,0,0
1851,0,0
1852,0,0
1853,1,1
1854,0,0
1855,0,0
1856,0,0
1857,0,0
1858,0,0
1859,1,1
1860,1,1
1861,0,0
1862,1,1
1863,0,0
1864,1,1
1865,0,0
1866,0,0
1867,0,0
1868,0,0
1869,0,0
1870,1,1
1871,1,1
1872,1,1
1873,0,0
1874,0,0
1875,0,0
1876,1,1
1877,1,1
1878,0,0
1879,0,0
1880,1,0
1881,0,0
1882,1,1
1883,0,0
1884,0,0
1885,0,0
1886,0,0
1887,1,1
1888,0,0
1889,0,0
1890,1,1
1891,0,1
1892,0,0
1893,0,0
1894,0,0
1895,0,0
1896,0,0
1897,0,0
1898,1,1
1899,1,1
1900,1,1
1901,0,0
1902,0,0
1903,1,1
1904,1,1
1905,0,0
1906,0,0
1907,0,0
1908,0,0
1909,0,0
1910,0,0
1911,1,1
1912,0,0
1913,0,0
1914,0,0
1915,0,0
1916,0,0
1917,0,0
1918,0,0
1919,1,1
1920,0,0
1921,1,1
1922,1,1
1923,0,0
1924,1,1
1925,0,0
1926,0,0
1927,1,1
1928,0,0
1929,1,1
1930,1,1
1931,0,0
1932,0,0
1933,0,0
1934,0,0
1935,1,1
1936,1,1
1937,1,1
1938,0,0
1939,0,0
1940,0,0
1941,1,1
1942,0,0
1943,1,1
1944,0,0
1945,1,1
1946,0,0
1947,1,1
1948,1,1
1949,0,0
1950,1,1
1951,1,1
1952,0,0
1953,1,1
1954,0,1
1955,0,1
1956,0,0
1957,0,0
1958,1,1
1959,1,1
1960,0,0
1961,0,0
1962,0,0
1963,0,0
1964,0,0
1965,0,0
1966,1,1
1967,0,0
1968,1,1
1969,0,0
1970,1,1
1971,0,0
1972,0,0
1973,0,1
1974,0,1
1975,0,0
1976,0,0
1977,0,0
1978,1,1
1979,0,0
1980,0,0
1981,0,0
1982,0,0
1983,0,0
1984,1,1
1985,0,0
1986,0,0
1987,0,0
1988,0,0
1989,0,0
1990,0,0
1991,1,1
1992,0,0
1993,0,0
1994,0,0
1995,0,0
1996,0,0
1997,0,0
1998,1,1
1999,0,0
2000,0,0
2001,0,0
2002,0,0
2003,1,1
2004,0,0
2005,1,1
2006,0,0
2007,0,0
2008,0,0
2009,0,0
2010,0,0
2011,1,1
2012,0,0
2013,0,0
2014,1,1
2015,0,0
2016,0,0
2017,0,0
2018,0,0
2019,0,0
2020,1,1
2021,1,1
2022,0,0
2023,1,1
2024,0,0
2025,0,0
2026,0,0
2027,1,1
2028,1,1
2029,1,1
2030,0,0
2031,1,1
2032,1,1
2033,0,0
2034,0,0
2035,0,0
2036,0,0
2037,1,1
2038,1,1
2039,0,0
2040,0,1
2041,0,0
2042,0,0
2043,1,1
2044,1,1
2045,0,0
2046,0,0
2047,0,0
2048,1,1
2049,1,1
2050,0,0
2051,0,0
2052,1,1
2053,1,1
2054,0,0
2055,0,0
2056,0,0
2057,0,0
2058,1,1
2059,0,0
2060,0,0
2061,1,1
2062,1,1
2063,0,0
2064,0,0
2065,0,0
2066,1,1
2067,0,0
2068,1,1
2069,0,0
2070,0,0
2071,1,1
2072,0,0
2073,1,1
2074,0,0
2075,0,0
2076,1,1
2077,0,0
2078,0,1
2079,1,1
2080,1,1
2081,0,0
2082,1,1
2083,1,1
2084,0,0
2085,1,1
2086,1,1
2087,0,0
2088,0,0
2089,0,0
2090,1,1
2091,0,0
2092,0,0
2093,1,1
2094,0,0
2095,0,0
2096,0,0
2097,0,0
2098,1,1
2099,0,0
2100,1,1
2101,0,0
2102,1,1
2103,0,0
2104,0,0
2105,1,1
2106,0,0
2107,1,1
2108,1,1
2109,0,0
2110,0,0
2111,0,0
2112,1,1
2113,0,0
2114,1,1
2115,1,1
2116,0,0
2117,1,1
2118,0,0
2119,0,0
2120,0,0
2121,1,1
2122,1,1
2123,0,0
2124,0,0
2125,0,0
2126,0,0
2127,0,0
2128,1,1
2129,0,0
2130,0,0
2131,0,0
2132,0,0
2133,0,0
2134,1,1
2135,1,1
2136,0,0
2137,0,0
2138,0,0
2139,1,1
2140,1,1
2141,0,0
2142,0,0
2143,0,0
2144,0,0
2145,0,0
2146,1,1
2147,0,0
2148,1,1
2149,1,1
2150,0,0
2151,0,0
2152,1,1
2153,0,0
2154,1,1
2155,0,0
2156,0,0
2157,0,0
2158,0,0
2159,0,0
2160,0,0
2161,0,0
2162,1,1
2163,0,0
2164,0,0
2165,0,1
2166,1,1
2167,0,0
2168,0,0
2169,1,1
2170,0,0
2171,0,0
2172,1,1
2173,0,0
2174,1,1
2175,0,0
2176,1,1
2177,0,0
2178,1,1
2179,0,0
2180,0,0
2181,0,0
2182,1,1
2183,0,0
2184,0,0
2185,0,0
2186,1,1
2187,0,0
2188,0,0
2189,0,0
2190,1,1
2191,1,1
2192,0,0
2193,1,1
2194,0,0
2195,0,0
2196,0,0
2197,0,0
2198,0,0
2199,0,0
2200,1,1
2201,0,0
2202,0,0
2203,1,1
2204,0,0
2205,1,1
2206,0,0
2207,1,1
2208,1,1
2209,0,0
2210,0,0
2211,1,1
2212,0,0
2213,0,0
2214,1,1
2215,1,1
2216,0,0
2217,1,1
2218,1,1
2219,1,1
2220,0,0
2221,0,0
2222,0,0
2223,1,1
2224,0,0
2225,1,1
2226,1,1
2227,1,1
2228,1,1
2229,0,0
2230,0,0
2231,0,0
2232,0,0
2233,0,0
2234,0,0
2235,0,0
2236,0,0
2237,0,0
2238,0,0
2239,1,1
2240,1,1
2241,0,1
2242,0,0
2243,1,1
2244,0,0
2245,0,0
2246,0,0
2247,1,1
2248,0,0
2249,0,0
2250,1,1
2251,0,0
2252,1,1
2253,0,0
2254,1,1
2255,0,0
2256,1,1
2257,0,0
2258,1,1
2259,0,0
2260,0,0
2261,0,0
2262,0,0
2263,0,0
2264,0,0
2265,1,1
2266,0,0
2267,0,0
2268,0,0
2269,0,0
2270,0,0
2271,0,0
2272,1,1
2273,1,1
2274,1,1
2275,0,0
2276,0,0
2277,0,0
2278,1,1
2279,0,0
2280,1,1
2281,1,1
2282,0,0
2283,0,0
2284,1,1
2285,0,0
2286,0,1
2287,1,1
2288,1,1
2289,0,0
2290,0,0
2291,1,1
2292,0,1
2293,1,1
2294,1,1
2295,1,1
2296,0,0
2297,0,0
2298,1,1
2299,1,1
2300,1,1
2301,1,1
2302,0,0
2303,0,0
2304,0,0
2305,1,1
2306,1,1
2307,0,0
2308,0,0
2309,1,1
2310,0,0
2311,1,1
2312,1,1
2313,1,1
2314,0,0
2315,1,1
2316,0,0
2317,0,0
2318,0,0
2319,0,0
2320,0,0
2321,0,1
2322,0,0
2323,0,0
2324,0,0
2325,0,0
2326,0,0
2327,0,0
2328,0,0
2329,0,0
2330,1,1
2331,0,0
2332,0,0
2333,0,0
2334,0,0
2335,0,0
2336,1,1
2337,0,0
2338,0,0
2339,0,0
2340,0,0
2341,0,0
2342,0,1
2343,0,1
2344,1,1
2345,0,0
2346,1,1
2347,0,0
2348,0,0
2349,0,0
2350,0,0
2351,0,0
2352,1,1
2353,0,0
2354,0,0
2355,0,0
2356,1,1
2357,1,1
2358,0,0
2359,1,1
2360,0,0
2361,0,1
2362,1,1
2363,0,0
2364,1,1
2365,1,1
2366,0,0
2367,0,0
2368,0,0
2369,1,1
2370,0,0
2371,0,0
2372,0,0
2373,0,0
2374,0,0
2375,0,0
2376,0,1
2377,0,0
2378,0,0
2379,0,0
2380,0,0
2381,1,1
2382,1,1
2383,1,1
2384,0,1
2385,0,0
2386,0,0
2387,0,0
2388,1,1
2389,0,0
2390,0,0
2391,0,0
2392,1,1
2393,0,0
2394,0,0
2395,0,1
2396,0,0
2397,0,0
2398,0,0
2399,0,0
2400,0,0
2401,1,1
2402,1,1
2403,1,1
2404,0,0
2405,1,1
2406,0,0
2407,0,0
2408,0,0
2409,0,0
2410,0,0
2411,0,0
2412,0,0
2413,0,0
2414,1,1
2415,0,0
2416,0,0
2417,0,0
2418,1,1
2419,0,0
2420,0,0
2421,1,1
2422,0,0
2423,0,0
2424,0,0
2425,0,0
2426,0,0
2427,0,0
2428,1,1
2429,0,0
2430,0,0
2431,1,1
2432,1,1
2433,0,0
2434,0,0
2435,0,0
2436,0,0
2437,1,1
2438,0,0
2439,0,0
2440,1,1
2441,0,0
2442,0,0
2443,1,1
2444,0,0
2445,1,1
2446,0,0
2447,0,0
2448,0,0
2449,0,0
2450,1,0
2451,0,0
2452,0,0
2453,1,1
2454,0,0
2455,0,0
2456,0,0
2457,1,1
2458,0,0
2459,0,0
2460,1,1
2461,1,1
2462,0,0
2463,1,1
2464,1,1
2465,1,1
2466,0,0
2467,0,0
2468,0,0
2469,1,1
2470,0,0
2471,0,0
2472,0,0
2473,0,0
2474,0,0
2475,0,0
2476,0,0
2477,0,1
2478,1,1
2479,1,1
2480,0,0
2481,1,1
2482,1,1
2483,0,0
2484,1,1
2485,0,0
2486,1,1
2487,1,1
2488,0,0
2489,0,0
2490,0,0
2491,1,1
2492,0,0
2493,0,0
2494,0,0
2495,0,0
2496,0,0
2497,0,0
2498,0,0
2499,1,1
2500,1,1
2501,0,0
2502,0,0
2503,0,1
2504,0,0
2505,0,0
2506,0,0
2507,0,0
2508,0,0
2509,0,0
2510,0,0
2511,0,0
2512,0,0
2513,1,1
2514,1,1
2515,1,1
2516,0,1
2517,0,0
2518,0,0
2519,0,0
2520,0,0
2521,0,0
2522,0,0
2523,0,0
2524,0,0
2525,0,0
2526,0,0
2527,0,0
2528,0,0
2529,0,0
2530,0,0
2531,0,0
2532,1,1
2533,0,0
2534,1,1
2535,0,0
2536,1,1
2537,1,1
2538,0,0
2539,0,1
2540,0,0
2541,0,0
2542,0,0
2543,0,0
2544,0,0
2545,0,0
2546,0,0
2547,0,0
2548,0,0
2549,1,1
2550,1,1
2551,1,1
2552,0,0
2553,1,1
2554,0,0
2555,1,1
2556,0,0
2557,1,1
2558,0,0
2559,1,1
2560,1,1
2561,0,0
2562,0,0
2563,0,0
2564,0,0
2565,0,0
2566,0,0
2567,1,1
2568,0,0
2569,1,1
2570,1,1
2571,1,1
2572,1,1
2573,0,0
2574,0,0
2575,1,1
2576,1,1
2577,1,1
2578,0,0
2579,0,0
2580,0,0
2581,1,1
2582,1,1
2583,0,0
2584,0,0
2585,1,1
2586,1,1
2587,0,0
2588,0,0
2589,0,0
2590,0,1
2591,0,0
2592,1,1
2593,0,0
2594,0,0
2595,0,0
2596,1,1
2597,0,0
2598,0,0
2599,1,1
2600,0,0
2601,0,0
2602,0,0
2603,1,1
2604,1,1
2605,0,0
2606,0,0
2607,0,0
2608,1,1
2609,1,1
2610,0,0
2611,1,1
2612,1,1
2613,0,0
2614,0,0
2615,0,0
2616,0,0
2617,1,1
2618,1,1
2619,1,1
2620,1,1
2621,0,0
2622,1,1
2623,1,1
2624,0,0
2625,0,0
2626,0,0
2627,0,0
2628,1,1
2629,0,0
2630,0,0
2631,0,0
2632,0,0
2633,0,0
2634,0,0
2635,0,0
2636,0,0
2637,1,1
2638,0,0
2639,0,0
2640,1,1
2641,0,0
2642,1,1
2643,0,0
2644,1,1
2645,1,1
2646,0,0
2647,0,0
2648,0,0
2649,1,1
2650,0,0
2651,1,1
2652,0,0
2653,0,0
2654,1,1
2655,1,1
2656,1,1
2657,0,0
2658,0,0
2659,1,1
2660,0,0
2661,0,0
2662,0,0
2663,1,1
2664,0,0
2665,0,1
2666,0,0
2667,1,1
2668,0,0
2669,1,1
2670,1,1
2671,0,0
2672,0,0
2673,0,0
2674,0,0
2675,0,0
2676,0,0
2677,1,1
2678,0,0
2679,0,0
2680,0,0
2681,0,0
2682,0,0
2683,0,0
2684,1,1
2685,1,1
2686,1,1
2687,0,0
2688,0,0
2689,0,0
2690,0,0
2691,1,0
2692,0,0
2693,1,1
2694,0,0
2695,0,0
2696,0,0
2697,0,0
2698,0,0
2699,0,0
2700,0,0
2701,0,0
2702,0,0
2703,1,1
2704,1,1
2705,1,1
2706,0,0
2707,1,1
2708,1,1
2709,0,0
2710,0,0
2711,1,1
2712,0,0
2713,0,0
2714,0,0
2715,0,0
2716,0,0
2717,0,0
2718,1,1
2719,0,0
2720,0,0
2721,0,0
2722,0,0
2723,0,0
2724,0,0
2725,1,1
2726,1,1
2727,0,0
2728,0,0
2729,1,1
2730,0,0
2731,0,0
2732,0,0
2733,1,1
2734,0,0
2735,1,1
2736,0,0
2737,1,1
2738,0,0
2739,1,1
2740,0,0
2741,0,0
2742,0,0
2743,0,1
2744,1,1
2745,1,1
2746,0,0
2747,0,1
2748,1,1
2749,1,1
2750,0,0
2751,0,0
2752,1,1
2753,1,1
2754,0,0
2755,0,0
2756,1,1
2757,0,0
2758,1,1
2759,0,0
2760,0,0
2761,1,1
2762,0,1
2763,1,1
2764,0,0
2765,0,0
2766,1,1
2767,1,1
2768,0,0
2769,1,1
2770,1,1
2771,1,1
2772,0,0
2773,0,0
2774,1,1
2775,1,1
2776,1,1
2777,1,1
2778,0,0
2779,0,0
2780,0,0
2781,0,0
2782,1,1
2783,0,0
2784,0,0
2785,0,0
2786,1,1
2787,0,0
2788,0,0
2789,0,0
2790,0,0
2791,1,1
2792,1,1
2793,0,0
2794,1,1
2795,1,1
2796,0,0
2797,0,1
2798,0,0
2799,1,1
2800,0,0
2801,0,0
2802,0,0
2803,0,0
2804,0,0
2805,1,1
2806,1,1
2807,1,1
2808,0,0
2809,1,1
2810,0,0
2811,0,0
2812,0,0
2813,0,0
2814,0,0
2815,1,1
2816,1,1
2817,1,1
2818,1,1
2819,0,0
2820,1,1
2821,0,0
2822,0,0
2823,0,0
2824,0,0
2825,0,0
2826,0,0
2827,0,0
2828,1,1
2829,0,0
2830,1,1
2831,1,1
2832,1,1
2833,1,1
2834,1,1
2835,0,0
2836,0,0
2837,1,1
2838,0,0
2839,0,0
2840,1,1
2841,0,0
2842,1,1
2843,0,0
2844,1,1
2845,0,0
2846,0,0
2847,1,1
2848,0,0
2849,0,0
2850,0,0
2851,0,0
2852,0,0
2853,0,0
2854,0,0
2855,0,0
2856,0,0
2857,0,0
2858,0,0
2859,0,0
2860,0,0
2861,0,0
2862,1,1
2863,0,0
2864,0,0
2865,0,0
2866,0,1
2867,1,1
2868,1,0
2869,0,0
2870,0,0
2871,0,0
2872,1,1
2873,0,0
2874,1,1
2875,0,0
2876,0,0
2877,0,0
2878,0,0
2879,1,1
2880,0,0
2881,1,1
2882,0,0
2883,0,0
2884,1,1
2885,0,0
2886,0,0
2887,0,0
2888,0,0
2889,0,0
2890,1,1
2891,1,1
2892,0,0
2893,1,1
2894,0,0
2895,0,0
2896,0,0
2897,0,0
2898,1,1
2899,0,0
2900,0,0
2901,0,0
2902,0,0
2903,1,1
2904,0,0
2905,0,0
2906,0,0
2907,0,0
2908,0,0
2909,1,1
2910,1,1
2911,1,1
2912,0,0
2913,1,1
2914,0,0
2915,0,0
2916,0,0
2917,0,0
2918,0,0
2919,1,1
2920,1,1
2921,0,0
2922,0,1
2923,0,0
2924,0,0
2925,0,0
2926,0,0
2927,0,0
2928,0,0
2929,1,1
2930,1,1
2931,1,1
2932,1,1
2933,1,1
2934,0,0
2935,1,1
2936,0,0
2937,0,0
2938,0,1
2939,1,1
2940,1,1
2941,1,1
2942,0,0
2943,0,0
2944,0,0
2945,1,1
2946,1,1
2947,0,0
2948,1,1
2949,0,0
2950,0,0
2951,1,1
2952,1,1
2953,1,1
2954,0,0
2955,0,0
2956,1,1
2957,0,0
2958,0,0
2959,0,0
2960,0,0
2961,0,0
2962,1,1
2963,0,0
2964,0,0
2965,0,0
2966,0,0
2967,0,0
2968,0,0
2969,0,0
2970,1,1
2971,0,0
2972,0,0
2973,0,0
2974,1,1
2975,0,0
2976,0,0
2977,0,0
2978,0,0
2979,0,0
2980,0,0
2981,1,1
2982,0,0
2983,0,0
2984,0,0
2985,0,0
2986,0,0
2987,0,0
2988,0,0
2989,1,1
2990,1,1
2991,0,0
2992,1,1
2993,1,1
2994,0,0
2995,1,1
2996,0,0
2997,1,1
2998,0,0
2999,0,0
3000,0,0
3001,0,0
3002,0,0
3003,0,0
3004,1,1
3005,1,1
3006,0,0
3007,0,0
3008,0,1
3009,1,1
3010,0,0
3011,0,0
3012,0,0
3013,1,1
3014,0,0
3015,0,0
3016,1,1
3017,1,1
3018,0,0
3019,0,0
3020,0,0
3021,0,0
3022,0,0
3023,0,0
3024,1,1
3025,1,1
3026,0,0
3027,0,0
3028,0,0
3029,0,0
3030,0,0
3031,1,1
3032,0,0
3033,0,0
3034,1,1
3035,0,0
3036,0,0
3037,1,1
3038,0,0
3039,0,0
3040,1,1
3041,0,0
3042,1,1
3043,0,0
3044,0,0
3045,0,0
3046,0,0
3047,0,0
3048,0,0
3049,1,1
3050,1,1
3051,0,0
3052,1,1
3053,1,1
3054,0,0
3055,0,0
3056,0,0
3057,0,0
3058,1,1
3059,1,1
3060,1,1
3061,0,1
3062,1,1
3063,0,0
3064,0,0
3065,0,0
3066,1,1
3067,1,1
3068,0,0
3069,0,0
3070,1,1
3071,0,0
3072,0,0
3073,0,0
3074,0,0
3075,0,0
3076,1,1
3077,0,0
3078,0,0
3079,0,0
3080,0,0
3081,0,0
3082,1,1
3083,1,1
3084,1,1
3085,0,0
3086,1,1
3087,0,0
3088,0,0
3089,0,0
3090,1,1
3091,0,0
3092,0,0
3093,1,1
3094,0,0
3095,0,0
3096,0,0
3097,1,1
3098,0,0
3099,1,1
3100,0,0
3101,0,0
3102,0,0
3103,0,0
3104,1,1
3105,0,0
3106,1,1
3107,0,0
3108,0,0
3109,1,1
3110,0,0
3111,0,0
3112,0,0
3113,0,0
3114,1,1
3115,0,0
3116,0,0
3117,1,1
3118,1,1
3119,0,1
3120,0,0
3121,0,0
3122,0,0
3123,1,1
3124,0,0
3125,0,0
3126,0,0
3127,1,1
3128,0,0
3129,0,0
3130,1,1
3131,1,1
3132,0,0
3133,0,0
3134,1,1
3135,1,1
3136,0,0
3137,0,1
3138,0,0
3139,0,0
3140,1,1
3141,1,1
3142,0,0
3143,0,0
3144,1,1
3145,0,0
3146,0,0
3147,0,0
3148,0,0
3149,0,0
3150,0,0
3151,0,0
3152,0,0
3153,0,0
3154,1,1
3155,0,1
3156,1,1
3157,1,1
3158,0,0
3159,0,0
3160,1,1
3161,0,0
3162,0,0
3163,1,1
3164,1,1
3165,0,0
3166,0,0
3167,0,0
3168,1,1
3169,0,0
3170,0,0
3171,0,0
3172,1,1
3173,1,1
3174,1,1
3175,0,0
3176,0,0
3177,1,1
3178,0,0
3179,0,0
3180,1,1
3181,1,1
3182,0,0
3183,1,1
3184,0,0
3185,1,1
3186,0,0
3187,1,1
3188,0,0
3189,0,0
3190,0,0
3191,0,0
3192,0,0
3193,0,0
3194,0,0
3195,0,0
3196,0,0
3197,0,0
3198,0,0
3199,0,0
3200,0,0
3201,0,0
3202,0,0
3203,0,0
3204,1,1
3205,1,1
3206,0,0
3207,1,1
3208,0,0
3209,1,1
3210,1,1
3211,0,0
3212,1,1
3213,1,1
3214,0,0
3215,0,1
3216,0,0
3217,0,0
3218,0,0
3219,0,0
3220,0,0
3221,1,1
3222,0,0
3223,0,0
3224,1,1
3225,0,0
3226,0,0
3227,0,0
3228,1,1
3229,1,1
3230,0,0
3231,0,0
3232,0,0
3233,0,0
3234,1,1
3235,1,1
3236,0,0
3237,0,0
3238,1,1
3239,0,0
3240,0,0
3241,0,0
3242,0,0
3243,0,0
3244,1,1
3245,0,0
3246,0,0
3247,0,0
3248,0,0
3249,1,1
3250,0,0
3251,1,1
3252,1,1
3253,0,1
3254,1,1
3255,1,1
3256,0,1
3257,0,0
3258,1,1
3259,0,0
3260,1,1
3261,1,1
3262,0,0
3263,0,0
3264,0,0
3265,0,0
3266,1,1
3267,0,1
3268,1,1
3269,1,1
3270,0,0
3271,0,0
3272,0,0
3273,0,0
3274,0,0
3275,0,0
3276,0,0
3277,0,0
3278,0,0
3279,0,0
3280,0,0
3281,1,1
3282,0,0
3283,0,1
3284,0,0
3285,0,0
3286,0,0
3287,0,0
3288,0,0
3289,0,0
3290,0,0
3291,0,0
3292,0,0
3293,1,1
3294,1,1
3295,0,0
3296,0,0
3297,0,0
3298,1,1
3299,0,0
3300,0,0
3301,0,0
3302,0,1
3303,0,0
3304,0,0
3305,1,1
3306,0,1
3307,0,0
3308,0,0
3309,0,0
3310,0,0
3311,0,0
3312,0,0
3313,1,1
3314,0,1
3315,1,1
3316,1,1
3317,1,1
3318,0,0
3319,1,1
3320,0,0
3321,0,0
3322,1,1
3323,0,0
3324,1,1
3325,1,1
3326,0,0
3327,0,0
3328,0,0
3329,0,0
3330,1,1
3331,0,0
3332,0,0
3333,1,1
3334,0,0
3335,0,0
3336,0,0
3337,1,1
3338,1,1
3339,1,1
3340,0,0
3341,0,0
3342,0,0
3343,1,1
3344,0,0
3345,0,0
3346,0,0
3347,0,0
3348,0,0
3349,0,0
3350,0,0
3351,0,0
3352,0,0
3353,0,0
3354,0,1
3355,0,0
3356,1,1
3357,1,1
3358,0,0
3359,0,0
3360,0,1
3361,0,0
3362,0,0
3363,0,0
3364,1,1
3365,0,0
3366,0,0
3367,0,0
3368,1,1
3369,0,0
3370,1,1
3371,0,0
3372,0,0
3373,1,1
3374,0,0
3375,1,1
3376,0,0
3377,0,0
3378,0,0
3379,0,0
3380,0,0
3381,0,0
3382,1,1
3383,0,0
3384,0,0
3385,1,1
3386,1,1
3387,0,0
3388,1,1
3389,0,0
3390,0,0
3391,0,0
3392,0,0
3393,0,0
3394,0,0
3395,0,0
3396,0,0
3397,0,0
3398,1,1
3399,0,0
3400,0,0
3401,1,1
3402,0,0
3403,0,0
3404,1,1
3405,0,0
3406,0,0
3407,0,1
3408,0,0
3409,0,0
3410,0,0
3411,0,0
3412,1,1
3413,0,0
3414,1,1
3415,0,0
3416,0,0
3417,0,0
3418,0,0
3419,0,0
3420,0,0
3421,0,0
3422,1,1
3423,0,0
3424,0,0
3425,1,1
3426,1,1
3427,0,0
3428,0,0
3429,1,1
3430,1,1
3431,0,0
3432,0,0
3433,0,0
3434,0,0
3435,1,1
3436,1,1
3437,1,1
3438,0,0
3439,0,0
3440,0,0
3441,0,0
3442,0,0
3443,0,0
3444,1,1
3445,1,1
3446,0,0
3447,1,1
3448,0,0
3449,1,1
3450,1,1
3451,0,0
3452,1,1
3453,0,0
3454,1,1
3455,1,1
3456,0,0
3457,1,1
3458,0,0
3459,0,0
3460,0,0
3461,0,0
3462,0,0
3463,1,1
3464,0,0
3465,1,1
3466,0,0
3467,0,0
3468,0,0
3469,0,0
3470,0,0
3471,0,0
3472,0,0
3473,1,1
3474,1,1
3475,0,0
3476,0,0
3477,1,1
3478,1,1
3479,0,0
3480,1,1
3481,0,0
3482,0,0
3483,1,1
3484,0,0
3485,0,0
3486,1,1
3487,0,0
3488,0,0
3489,0,1
3490,0,0
3491,0,0
3492,1,1
3493,0,0
3494,0,0
3495,1,1
3496,0,0
3497,1,1
3498,0,0
3499,0,0
3500,0,0
3501,1,1
3502,0,0
3503,1,1
3504,0,0
3505,0,0
3506,0,0
3507,0,0
3508,0,0
3509,0,0
3510,1,1
3511,0,0
3512,1,1
3513,1,1
3514,1,1
3515,1,1
3516,0,0
3517,0,0
3518,0,0
3519,0,0
3520,1,1
3521,0,0
3522,0,0
3523,0,0
3524,1,1
3525,0,0
3526,1,1
3527,0,0
3528,0,0
3529,0,0
3530,0,0
3531,0,0
3532,0,0
3533,0,0
3534,0,1
3535,0,0
3536,1,1
3537,0,0
3538,1,1
3539,0,0
3540,1,1
3541,1,1
3542,1,1
3543,1,1
3544,0,0
3545,0,0
3546,0,0
3547,1,1
3548,0,0
3549,0,0
3550,0,0
3551,1,1
3552,0,0
3553,0,0
3554,0,0
3555,0,1
3556,0,0
3557,0,0
3558,0,1
3559,1,1
3560,0,0
3561,0,0
3562,1,1
3563,0,0
3564,0,0
3565,0,0
3566,0,0
3567,0,0
3568,1,1
3569,0,0
3570,0,0
3571,0,0
3572,0,0
3573,1,1
3574,1,1
3575,1,1
3576,0,1
3577,0,0
3578,0,0
3579,0,0
3580,1,1
3581,1,1
3582,0,0
3583,1,1
3584,0,0
3585,0,0
3586,1,1
3587,1,1
3588,0,0
3589,0,0
3590,1,1
3591,0,0
3592,0,0
3593,0,0
3594,0,0
3595,0,0
3596,0,0
3597,0,0
3598,0,0
3599,1,1
3600,1,1
3601,1,1
3602,0,0
3603,1,1
3604,0,0
3605,1,1
3606,0,0
3607,1,1
3608,0,0
3609,0,0
3610,0,0
3611,0,0
3612,0,0
3613,0,0
3614,0,0
3615,1,1
3616,1,1
3617,0,0
3618,1,1
3619,0,0
3620,0,0
3621,0,0
3622,0,0
3623,1,1
3624,0,0
3625,0,0
3626,1,1
3627,0,0
3628,0,0
3629,1,1
3630,0,0
3631,1,1
3632,0,0
3633,0,0
3634,0,0
3635,0,0
3636,0,0
3637,1,1
3638,0,0
3639,0,0
3640,0,0
3641,0,0
3642,0,0
3643,0,0
3644,0,0
3645,0,0
3646,1,1
3647,0,0
3648,0,0
3649,0,0
3650,0,1
3651,1,1
3652,1,1
3653,0,0
3654,0,0
3655,0,0
3656,0,0
3657,1,1
3658,0,0
3659,1,1
3660,0,0
3661,0,0
3662,0,0
3663,0,0
3664,1,1
3665,0,0
3666,1,1
3667,0,0
3668,0,0
3669,0,0
3670,1,1
3671,1,1
3672,1,1
3673,1,1
3674,0,0
3675,1,1
3676,0,0
3677,0,0
3678,1,1
3679,0,0
3680,1,1
3681,0,0
3682,1,1
3683,0,0
3684,1,1
3685,0,0
3686,0,0
3687,0,0
3688,0,1
3689,0,0
3690,0,0
3691,0,0
3692,0,0
3693,0,0
3694,0,0
3695,1,1
3696,1,1
3697,0,0
3698,0,0
3699,0,0
3700,0,0
3701,0,0
3702,1,1
3703,0,0
3704,0,0
3705,1,1
3706,0,0
3707,0,0
3708,0,0
3709,0,1
3710,0,0
3711,0,0
3712,0,0
3713,0,0
3714,0,0
3715,0,1
3716,0,0
3717,1,1
3718,1,1
3719,0,0
3720,1,1
3721,0,0
3722,0,0
3723,1,1
3724,0,0
3725,1,1
3726,0,1
3727,0,0
3728,1,1
3729,0,0
3730,0,0
3731,1,1
3732,0,0
3733,1,1
3734,1,1
3735,0,0
3736,1,1
3737,0,0
3738,0,0
3739,0,0
3740,1,1
3741,1,1
3742,1,1
3743,0,0
3744,0,0
3745,0,0
3746,0,0
3747,1,1
3748,0,0
3749,1,1
3750,0,1
3751,0,0
3752,1,1
3753,0,0
3754,0,0
3755,0,1
3756,0,0
3757,0,0
3758,0,0
3759,1,1
3760,1,1
3761,0,0
3762,1,1
3763,1,1
3764,0,0
3765,1,1
3766,0,0
3767,0,0
3768,1,1
3769,1,1
3770,0,0
3771,0,0
3772,1,1
3773,0,0
3774,0,0
3775,0,0
3776,1,1
3777,1,1
3778,1,1
3779,1,1
3780,0,0
3781,0,0
3782,0,0
3783,0,0
3784,0,0
3785,1,1
3786,0,0
3787,0,1
3788,0,0
3789,0,0
3790,0,0
3791,0,0
3792,0,0
3793,0,0
3794,0,0
3795,0,0
3796,0,0
3797,0,0
3798,0,0
3799,0,0
3800,0,0
3801,1,1
3802,0,0
3803,1,1
3804,0,0
3805,0,0
3806,0,0
3807,0,0
3808,0,0
3809,0,0
3810,0,0
3811,0,0
3812,0,0
3813,0,0
3814,0,0
3815,0,0
3816,0,0
3817,0,0
3818,0,0
3819,0,0
3820,0,0
3821,1,1
3822,0,0
3823,1,1
3824,1,1
3825,0,0
3826,0,0
3827,0,0
3828,1,1
3829,0,0
3830,0,0
3831,1,1
3832,0,0
3833,0,0
3834,1,1
3835,0,0
3836,0,0
3837,1,1
3838,0,0
3839,1,1
3840,0,0
3841,1,1
3842,0,0
3843,0,0
3844,0,0
3845,0,0
3846,0,0
3847,1,1
3848,0,0
3849,1,1
3850,0,0
3851,0,0
3852,0,0
3853,0,0
3854,1,1
3855,0,0
3856,1,1
3857,1,1
3858,0,0
3859,1,1
3860,1,1
3861,0,0
3862,1,1
3863,1,1
3864,0,0
3865,0,1
3866,0,0
3867,0,0
3868,0,0
3869,1,1
3870,1,1
3871,0,0
3872,0,0
3873,1,1
3874,1,1
3875,1,1
3876,0,1
3877,0,0
3878,0,0
3879,0,0
3880,0,0
3881,0,0
3882,1,1
3883,0,0
3884,1,1
3885,0,0
3886,1,1
3887,1,1
3888,0,0
3889,1,1
3890,1,1
3891,1,1
3892,0,0
3893,1,1
3894,0,0
3895,1,1
3896,1,1
3897,0,0
3898,0,0
3899,0,0
3900,1,1
3901,0,0
3902,0,1
3903,1,1
3904,0,0
3905,0,0
3906,0,0
3907,0,0
3908,0,0
3909,0,1
3910,1,1
3911,1,1
3912,0,0
3913,1,1
3914,0,0
3915,0,0
3916,0,0
3917,1,1
3918,1,1
3919,0,0
3920,0,0
3921,1,1
3922,0,0
3923,0,0
3924,1,1
3925,0,0
3926,0,0
3927,0,0
3928,0,0
3929,0,0
3930,0,0
3931,0,0
3932,1,1
3933,1,1
3934,1,1
3935,1,1
3936,0,0
3937,0,0
3938,1,1
3939,0,0
3940,1,1
3941,0,0
3942,1,1
3943,1,1
3944,0,0
3945,0,0
3946,1,1
3947,0,0
3948,0,0
3949,0,0
3950,1,1
3951,0,0
3952,0,0
3953,0,0
3954,0,0
3955,0,0
3956,1,1
3957,0,1
3958,1,1
3959,0,0
3960,0,0
3961,1,1
3962,0,0
3963,0,0
3964,0,0
3965,1,1
3966,1,1
3967,0,0
3968,0,0
3969,0,0
3970,1,1
3971,1,1
3972,1,1
3973,0,0
3974,0,0
3975,0,0
3976,0,0
3977,0,0
3978,0,0
3979,0,0
3980,0,0
3981,0,0
3982,1,1
3983,0,0
3984,1,1
3985,0,0
3986,0,0
3987,1,1
3988,0,0
3989,1,1
3990,0,0
3991,0,0
3992,0,1
3993,0,0
3994,1,1
3995,0,1
3996,0,0
3997,0,0
3998,0,1
3999,0,0
4000,1,1
4001,0,0
4002,0,0
4003,1,1
4004,0,0
4005,0,0
4006,0,0
4007,0,0
4008,0,0
4009,0,0
4010,0,0
4011,0,0
4012,1,1
4013,1,1
4014,0,0
4015,0,0
4016,1,1
4017,0,0
4018,0,0
4019,0,0
4020,0,0
4021,0,0
4022,1,1
4023,0,0
4024,0,0
4025,0,0
4026,0,0
4027,0,0
4028,0,0
4029,0,0
4030,0,0
4031,0,0
4032,1,1
4033,1,1
4034,0,0
4035,0,0
4036,1,1
4037,1,1
4038,0,0
4039,0,0
4040,0,0
4041,1,1
4042,0,0
4043,1,1
4044,1,1
4045,0,0
4046,0,0
4047,1,1
4048,0,0
4049,0,0
4050,0,0
4051,0,0
4052,0,0
4053,0,0
4054,0,0
4055,0,0
4056,0,0
4057,0,0
4058,0,0
4059,0,0
4060,0,0
4061,0,0
4062,0,0
4063,0,0
4064,0,0
4065,0,0
4066,0,0
4067,0,0
4068,1,1
4069,0,0
4070,0,0
4071,0,0
4072,0,0
4073,0,0
4074,0,0
4075,0,0
4076,0,0
4077,0,0
4078,0,0
4079,0,0
4080,1,1
4081,0,0
4082,0,0
4083,0,0
4084,0,0
4085,0,1
4086,1,1
4087,0,0
4088,1,1
4089,1,1
4090,0,0
4091,1,1
4092,0,0
4093,0,0
4094,0,0
4095,0,1
4096,1,1
4097,0,0
4098,1,1
4099,0,0
4100,1,1
4101,1,1
4102,0,0
4103,1,1
4104,0,0
4105,0,0
4106,1,1
4107,0,0
4108,0,0
4109,0,0
4110,0,0
4111,1,1
4112,0,0
4113,0,0
4114,0,0
4115,1,1
4116,1,1
4117,1,1
4118,0,0
4119,0,0
4120,0,0
4121,0,0
4122,0,0
4123,0,0
4124,0,0
4125,0,0
4126,1,1
4127,1,1
4128,0,0
4129,0,0
4130,0,0
4131,0,0
4132,1,1
4133,0,0
4134,0,0
4135,1,1
4136,1,1
4137,0,0
4138,1,1
4139,0,0
4140,1,1
4141,1,1
4142,0,0
4143,0,0
4144,1,1
4145,0,0
4146,1,1
4147,1,1
4148,1,1
4149,1,1
4150,0,0
4151,0,0
4152,1,1
4153,0,0
4154,1,1
4155,0,0
4156,0,0
4157,0,0
4158,0,0
4159,1,1
4160,0,0
4161,0,0
4162,0,0
4163,1,1
4164,1,0
4165,0,0
4166,0,0
4167,1,1
4168,1,1
4169,1,1
4170,0,0
4171,0,0
4172,0,0
4173,1,1
4174,1,1
4175,0,0
4176,0,0
4177,0,0
4178,1,1
4179,0,0
4180,0,0
4181,1,1
4182,1,1
4183,0,0
4184,0,1
4185,0,0
4186,1,1
4187,0,0
4188,1,1
4189,0,0
4190,0,0
4191,0,0
4192,1,1
4193,1,1
4194,0,0
4195,0,0
4196,0,0
4197,0,0
4198,1,1
4199,0,0
4200,1,1
4201,1,1
4202,0,0
4203,0,0
4204,1,1
4205,0,0
4206,0,0
4207,1,1
4208,0,0
4209,1,1
4210,0,0
4211,0,0
4212,0,0
4213,0,0
4214,0,0
4215,0,0
4216,0,0
4217,0,0
4218,0,0
4219,1,1
4220,0,0
4221,1,1
4222,0,0
4223,0,0
4224,0,0
4225,1,1
4226,0,0
4227,1,1
4228,0,0
4229,0,0
4230,0,0
4231,1,1
4232,0,0
4233,0,0
4234,0,0
4235,0,0
4236,0,0
4237,1,1
4238,1,1
4239,1,1
4240,0,0
4241,0,0
4242,1,1
4243,0,0
4244,0,0
4245,1,1
4246,0,0
4247,0,0
4248,1,1
4249,0,0
4250,0,0
4251,1,1
4252,0,0
4253,1,1
4254,0,0
4255,1,1
4256,0,0
4257,0,0
4258,0,0
4259,1,1
4260,1,1
4261,1,1
4262,0,0
4263,1,1
4264,1,1
4265,0,0
4266,1,1
4267,1,1
4268,1,1
4269,0,0
4270,0,0
4271,0,0
4272,1,1
4273,0,1
4274,1,1
4275,1,1
4276,0,0
4277,1,1
4278,0,0
4279,0,0
4280,0,0
4281,0,0
4282,1,1
4283,0,0
4284,1,1
4285,0,0
4286,0,0
4287,1,1
4288,0,0
4289,0,0
4290,0,0
4291,0,0
4292,0,0
4293,0,0
4294,0,0
4295,1,1
4296,0,0
4297,0,0
4298,1,1
4299,1,1
4300,0,0
4301,0,0
4302,0,0
4303,1,1
4304,0,0
4305,0,0
4306,0,0
4307,0,0
4308,1,1
4309,1,1
4310,1,1
4311,0,0
4312,1,1
4313,0,0
4314,1,1
4315,0,0
4316,1,1
4317,0,0
4318,0,1
4319,0,0
4320,0,0
4321,0,0
4322,0,0
4323,0,0
4324,1,1
4325,1,1
4326,0,0
4327,0,0
4328,0,0
4329,0,0
4330,1,1
4331,0,0
4332,0,0
4333,0,0
4334,1,1
4335,1,1
4336,0,0
4337,0,0
4338,1,1
4339,0,0
4340,0,0
4341,0,0
4342,0,0
4343,0,0
4344,1,1
4345,1,1
4346,0,0
4347,0,0
4348,0,0
4349,0,0
4350,0,0
4351,1,1
4352,1,1
4353,1,1
4354,0,0
4355,0,0
4356,0,0
4357,0,0
4358,0,0
4359,1,1
4360,1,1
4361,0,0
4362,0,0
4363,0,0
4364,0,0
4365,1,1
4366,1,1
4367,0,0
4368,0,0
4369,0,1
4370,0,0
4371,1,0
4372,1,1
4373,0,0
4374,0,0
4375,0,0
4376,0,0
4377,0,0
4378,0,0
4379,1,1
4380,0,0
4381,0,0
4382,1,1
4383,0,0
4384,0,0
4385,1,1
4386,0,0
4387,0,0
4388,1,1
4389,0,0
4390,1,1
4391,0,0
4392,0,0
4393,0,0
4394,0,0
4395,1,1
4396,1,1
4397,1,1
4398,1,1
4399,0,0
4400,1,1
4401,1,1
4402,1,1
4403,0,0
4404,1,1
4405,1,1
4406,0,0
4407,0,0
4408,0,0
4409,0,0
4410,0,0
4411,0,0
4412,0,0
4413,0,0
4414,0,0
4415,0,0
4416,1,1
4417,0,0
4418,0,0
4419,0,0
4420,0,0
4421,0,0
4422,0,0
4423,0,0
4424,1,1
4425,0,0
4426,0,0
4427,0,0
4428,1,1
4429,0,0
4430,0,0
4431,0,0
4432,1,1
4433,0,0
4434,1,1
4435,0,0
4436,1,1
4437,0,0
4438,0,0
4439,0,1
4440,0,0
4441,0,1
4442,0,0
4443,0,0
4444,0,0
4445,0,0
4446,0,0
4447,0,0
4448,0,0
4449,0,0
4450,1,1
4451,1,1
4452,0,0
4453,1,1
4454,1,1
4455,1,1
4456,0,0
4457,0,0
4458,1,1
4459,1,1
4460,0,0
4461,1,1
4462,1,1
4463,0,0
4464,0,0
4465,0,0
4466,0,0
4467,0,0
4468,0,0
4469,0,0
4470,1,1
4471,0,0
4472,0,0
4473,1,1
4474,0,1
4475,0,0
4476,0,0
4477,0,0
4478,0,0
4479,1,1
4480,0,0
4481,1,1
4482,0,0
4483,1,1
4484,0,0
4485,0,0
4486,0,0
4487,1,1
4488,0,0
4489,0,0
4490,0,0
4491,0,0
4492,1,1
4493,0,0
4494,0,0
4495,1,1
4496,0,0
4497,0,0
4498,0,0
4499,0,0
4500,0,0
4501,0,0
4502,0,0
4503,0,0
4504,1,1
4505,0,0
4506,0,0
4507,0,0
4508,0,0
4509,0,0
4510,0,0
4511,0,0
4512,0,0
4513,0,0
4514,1,1
4515,0,0
4516,1,1
4517,0,1
4518,1,1
4519,1,1
4520,0,0
4521,0,0
4522,0,0
4523,0,0
4524,0,0
4525,1,1
4526,1,1
4527,0,1
4528,0,0
4529,0,0
4530,0,0
4531,0,0
4532,0,1
4533,0,0
4534,1,1
4535,0,0
4536,0,0
4537,0,0
4538,0,0
4539,0,0
4540,0,0
4541,0,0
4542,0,0
4543,0,0
4544,1,1
4545,0,0
4546,0,0
4547,0,0
4548,1,1
4549,1,1
4550,0,0
4551,0,0
4552,0,0
4553,0,0
4554,1,1
4555,1,1
4556,0,0
4557,0,0
4558,0,0
4559,0,0
4560,1,1
4561,0,0
4562,0,0
4563,0,0
4564,0,0
4565,1,1
4566,0,0
4567,0,0
4568,0,0
4569,0,0
4570,0,0
4571,1,1
4572,0,1
4573,0,0
4574,1,1
4575,0,0
4576,0,0
4577,0,0
4578,1,1
4579,0,0
4580,0,0
4581,0,0
4582,0,0
4583,0,0
4584,1,1
4585,1,1
4586,0,0
4587,0,0
4588,1,1
4589,1,1
4590,1,1
4591,0,0
4592,0,0
4593,0,0
4594,1,1
4595,0,0
4596,0,0
4597,0,0
4598,0,0
4599,1,1
4600,0,0
4601,0,0
4602,1,1
4603,0,0
4604,0,0
4605,0,0
4606,0,0
4607,1,1
4608,0,0
4609,1,1
4610,0,0
4611,0,0
4612,1,1
4613,1,1
4614,1,1
4615,1,1
4616,1,1
4617,0,0
4618,1,1
4619,0,0
4620,0,0
4621,0,0
4622,0,0
4623,0,0
4624,0,0
4625,0,0
4626,1,1
4627,0,1
4628,1,1
4629,0,0
4630,0,0
4631,1,1
4632,0,0
4633,0,0
4634,1,1
4635,0,0
4636,0,0
4637,0,0
4638,1,1
4639,0,0
4640,0,0
4641,0,0
4642,0,0
4643,0,0
4644,1,1
4645,0,0
4646,0,0
4647,1,1
4648,0,0
4649,0,0
4650,0,0
4651,1,1
4652,1,1
4653,1,1
4654,0,0
4655,0,0
4656,1,1
4657,0,0
4658,0,0
4659,0,0
4660,0,0
4661,0,0
4662,1,1
4663,0,0
4664,0,0
4665,0,0
4666,1,1
4667,1,1
4668,0,0
4669,1,1
4670,1,1
4671,0,0
4672,0,0
4673,0,1
4674,0,0
4675,1,1
4676,0,0
4677,1,1
4678,1,1
4679,0,0
4680,0,0
4681,0,0
4682,0,0
4683,0,0
4684,0,0
4685,1,1
4686,1,1
4687,0,0
4688,1,1
4689,0,0
4690,1,1
4691,1,1
4692,0,0
4693,0,0
4694,0,0
4695,0,0
4696,0,0
4697,0,0
4698,0,0
4699,0,0
4700,0,0
4701,1,1
4702,0,0
4703,1,1
4704,0,0
4705,0,0
4706,0,0
4707,0,0
4708,1,1
4709,0,0
4710,1,1
4711,0,0
4712,0,1
4713,0,0
4714,0,0
4715,0,0
4716,0,0
4717,0,0
4718,1,1
4719,0,0
4720,1,1
4721,0,0
4722,0,0
4723,1,1
4724,0,0
4725,0,0
4726,0,0
4727,1,1
4728,0,0
4729,0,0
4730,0,0
4731,0,0
4732,0,0
4733,0,0
4734,0,0
4735,1,1
4736,0,0
4737,1,1
4738,1,1
4739,0,0
4740,0,0
4741,0,0
4742,0,1
4743,1,1
4744,1,1
4745,1,1
4746,0,0
4747,1,1
4748,1,1
4749,0,0
4750,0,0
4751,0,1
4752,0,0
4753,0,0
4754,0,0
4755,1,1
4756,1,1
4757,1,1
4758,0,0
4759,0,0
4760,0,0
4761,1,1
4762,1,1
4763,1,1
4764,1,1
4765,0,0
4766,0,0
4767,1,1
4768,0,0
4769,0,0
4770,1,1
4771,0,1
4772,1,1
4773,0,0
4774,1,1
4775,0,0
4776,0,0
4777,0,0
4778,0,0
4779,0,0
4780,0,0
4781,1,1
4782,0,0
4783,0,0
4784,1,1
4785,1,1
4786,0,0
4787,0,0
4788,1,1
4789,1,1
4790,0,0
4791,1,1
4792,0,0
4793,0,0
4794,1,1
4795,0,0
4796,1,1
4797,1,1
4798,0,0
4799,0,0
4800,0,0
4801,1,1
4802,0,0
4803,0,0
4804,0,0
4805,0,0
4806,0,0
4807,0,0
4808,0,0
4809,0,0
4810,0,0
4811,0,0
4812,0,0
4813,0,0
4814,0,0
4815,1,1
4816,0,0
4817,1,1
4818,0,0
4819,1,1
4820,0,0
4821,0,0
4822,1,1
4823,1,1
4824,1,1
4825,1,1
4826,0,0
4827,0,0
4828,0,0
4829,0,0
4830,0,0
4831,0,0
4832,0,0
4833,0,0
4834,0,0
4835,0,0
4836,0,0
4837,0,0
4838,0,0
4839,0,0
4840,1,1
4841,1,1
4842,1,1
4843,0,0
4844,0,0
4845,0,0
4846,1,1
4847,0,0
4848,1,1
4849,1,1
4850,0,0
4851,0,0
4852,0,0
4853,1,1
4854,0,0
4855,1,1
4856,0,0
4857,0,0
4858,0,0
4859,0,0
4860,1,1
4861,0,0
4862,1,1
4863,0,0
4864,1,1
4865,1,1
4866,1,1
4867,0,0
4868,0,0
4869,0,0
4870,1,1
4871,0,0
4872,0,0
4873,0,0
4874,1,1
4875,1,1
4876,0,0
4877,0,0
4878,0,0
4879,0,0
4880,1,1
4881,0,0
4882,0,0
4883,0,0
4884,0,0
4885,0,0
4886,0,0
4887,0,0
4888,1,1
4889,1,1
4890,0,0
4891,0,0
4892,0,0
4893,0,0
4894,0,0
4895,0,0
4896,0,0
4897,0,0
4898,0,0
4899,1,1
4900,0,1
4901,1,1
4902,0,0
4903,0,0
4904,0,0
4905,1,1
4906,0,0
4907,0,0
4908,0,0
4909,1,1
4910,1,1
4911,1,1
4912,0,0
4913,0,0
4914,1,1
4915,0,0
4916,1,1
4917,0,1
4918,1,1
4919,1,1
4920,0,0
4921,0,0
4922,0,0
4923,1,1
4924,1,1
4925,0,0
4926,0,0
4927,0,1
4928,0,0
4929,0,0
4930,1,1
4931,0,0
4932,0,0
4933,0,0
4934,0,0
4935,1,1
4936,0,0
4937,0,0
4938,0,0
4939,0,0
4940,0,0
4941,1,1
4942,0,0
4943,0,0
4944,0,0
4945,0,0
4946,0,0
4947,1,1
4948,0,0
4949,0,0
4950,1,1
4951,0,0
4952,1,1
4953,0,1
4954,0,0
4955,1,1
4956,0,0
4957,1,1
4958,0,0
4959,0,0
4960,0,0
4961,1,1
4962,1,1
4963,0,0
4964,0,0
4965,0,0
4966,0,1
4967,0,0
4968,1,1
4969,1,1
4970,0,0
4971,0,0
4972,0,0
4973,0,0
4974,0,0
4975,1,1
4976,0,0
4977,1,1
4978,0,0
4979,0,0
4980,0,0
4981,1,1
4982,0,0
4983,0,0
4984,1,1
4985,0,0
4986,0,0
4987,0,0
4988,0,0
4989,0,0
4990,0,0
4991,1,1
4992,0,0
4993,1,1
4994,1,1
4995,0,0
4996,1,1
4997,0,0
4998,0,0
4999,0,0
5000,0,0
5001,0,0
5002,0,0
5003,1,1
5004,0,0
5005,1,1
5006,1,1
5007,0,0
5008,0,0
5009,1,1
5010,0,1
5011,0,0
5012,0,0
5013,1,1
5014,0,0
5015,0,0
5016,1,1
5017,1,1
5018,0,0
5019,0,0
5020,1,1
5021,0,0
5022,1,1
5023,0,0
5024,0,0
5025,0,0
5026,0,0
5027,1,1
5028,0,0
5029,1,1
5030,0,0
5031,0,0
5032,1,1
5033,1,1
5034,1,1
5035,0,0
5036,0,0
5037,0,0
5038,1,1
5039,0,0
5040,0,0
5041,0,0
5042,0,0
5043,0,0
5044,0,0
5045,0,0
5046,0,0
5047,0,0
5048,0,0
5049,1,1
5050,0,0
5051,0,0
5052,0,0
5053,1,1
5054,0,0
5055,0,0
5056,1,1
5057,1,1
5058,0,0
5059,0,0
5060,0,0
5061,0,0
5062,0,0
5063,1,1
5064,1,1
5065,0,0
5066,1,1
5067,1,1
5068,0,0
5069,0,0
5070,0,0
5071,1,1
5072,1,1
5073,0,0
5074,0,0
5075,1,1
5076,0,0
5077,0,0
5078,1,1
5079,1,1
5080,0,0
5081,0,0
5082,0,0
5083,0,0
5084,0,0
5085,0,0
5086,0,0
5087,0,0
5088,0,0
5089,0,0
5090,1,1
5091,0,0
5092,0,0
5093,0,1
5094,0,1
5095,0,0
5096,1,1
5097,1,1
5098,0,0
5099,1,1
5100,0,0
5101,0,0
5102,1,1
5103,0,0
5104,0,0
5105,0,0
5106,1,1
5107,0,0
5108,0,0
5109,1,1
5110,0,0
5111,0,0
5112,0,0
5113,0,0
5114,0,0
5115,0,0
5116,0,0
5117,0,0
5118,0,0
5119,1,1
5120,0,0
5121,0,0
5122,0,1
5123,0,0
5124,0,0
5125,1,1
5126,0,0
5127,0,0
5128,1,1
5129,0,0
5130,0,0
5131,1,1
5132,0,0
5133,0,0
5134,1,1
5135,0,0
5136,0,0
5137,1,1
5138,0,0
5139,0,0
5140,0,0
5141,0,0
5142,1,1
5143,0,0
5144,0,0
5145,1,1
5146,0,0
5147,0,0
5148,0,0
5149,0,0
5150,1,1
5151,0,0
5152,1,1
5153,0,0
5154,0,0
5155,1,1
5156,0,0
5157,0,0
5158,1,1
5159,0,0
5160,0,0
5161,0,0
5162,1,1
5163,0,0
5164,1,1
5165,1,1
5166,1,1
5167,0,0
5168,1,1
5169,0,0
5170,1,1
5171,0,0
5172,0,0
5173,0,0
5174,1,1
5175,0,0
5176,1,1
5177,0,0
5178,0,0
5179,0,0
5180,1,1
5181,1,1
5182,0,0
5183,0,0
5184,0,0
5185,0,0
5186,0,0
5187,0,0
5188,1,1
5189,1,1
5190,1,1
5191,0,0
5192,0,0
5193,1,1
5194,1,1
5195,1,1
5196,1,1
5197,0,0
5198,1,1
5199,0,0
5200,1,1
5201,1,1
5202,1,1
5203,1,1
5204,0,0
5205,1,1
5206,0,0
5207,0,0
5208,0,0
5209,0,0
5210,0,0
5211,1,1
5212,1,1
5213,0,0
5214,0,0
5215,1,1
5216,0,0
5217,0,0
5218,0,0
5219,1,1
5220,0,0
5221,1,1
5222,1,1
5223,0,0
5224,0,0
5225,1,1
5226,1,1
5227,1,1
5228,0,0
5229,1,1
5230,0,0
5231,1,1
5232,0,0
5233,0,0
5234,0,0
5235,1,1
5236,0,1
5237,1,1
5238,1,1
5239,0,0
5240,0,0
5241,1,1
5242,0,0
5243,1,1
5244,0,0
5245,0,0
5246,0,0
5247,0,0
5248,0,0
5249,1,1
5250,0,0
5251,1,1
5252,0,0
5253,0,0
5254,0,0
5255,0,0
5256,0,0
5257,1,1
5258,1,1
5259,0,0
5260,0,0
5261,0,0
5262,0,0
5263,1,1
5264,0,0
5265,0,0
5266,1,1
5267,1,1
5268,0,0
5269,0,0
5270,0,0
5271,0,0
5272,0,0
5273,0,0
5274,1,1
5275,1,1
5276,0,0
5277,1,1
5278,0,0
5279,0,0
5280,0,0
5281,0,0
5282,0,0
5283,1,1
5284,0,0
5285,0,0
5286,1,1
5287,0,0
5288,1,1
5289,1,1
5290,1,1
5291,1,1
5292,1,1
5293,0,0
5294,1,1
5295,0,1
5296,1,1
5297,0,0
5298,0,0
5299,0,0
5300,0,0
5301,1,1
5302,1,1
5303,0,0
5304,0,0
5305,0,0
5306,0,0
5307,1,1
5308,0,0
5309,0,0
5310,1,1
5311,0,1
5312,0,0
5313,0,0
5314,1,1
5315,0,0
5316,1,1
5317,1,1
5318,1,1
5319,0,0
5320,0,0
5321,0,0
5322,0,0
5323,0,0
5324,0,0
5325,1,1
5326,0,0
5327,0,0
5328,0,1
5329,0,0
5330,0,0
5331,0,0
5332,0,0
5333,0,0
5334,0,0
5335,0,1
5336,1,1
5337,1,1
5338,0,0
5339,0,0
5340,1,1
5341,0,0
5342,0,0
5343,0,0
5344,0,0
5345,0,0
5346,0,0
5347,0,0
5348,0,0
5349,0,0
5350,1,1
5351,0,0
5352,0,1
5353,0,0
5354,1,1
5355,0,0
5356,0,0
5357,0,0
5358,1,1
5359,0,0
5360,0,0
5361,0,0
5362,0,0
5363,1,1
5364,0,0
5365,0,0
5366,1,1
5367,1,1
5368,0,0
5369,1,1
5370,0,0
5371,0,0
5372,1,1
5373,0,0
5374,0,0
5375,1,1
5376,0,0
5377,0,0
5378,0,1
5379,0,0
5380,1,1
5381,0,0
5382,0,0
5383,0,0
5384,0,0
5385,0,0
5386,0,0
5387,1,1
5388,0,0
5389,0,0
5390,0,0
5391,1,1
5392,1,1
5393,0,0
5394,0,0
5395,0,0
5396,1,1
5397,0,0
5398,1,1
5399,0,0
5400,0,0
5401,0,0
5402,1,1
5403,0,0
5404,0,0
5405,1,1
5406,0,0
5407,0,0
5408,0,0
5409,0,0
5410,0,1
5411,0,0
5412,0,0
5413,0,0
5414,0,0
5415,0,0
5416,0,0
5417,1,1
5418,1,1
5419,0,0
5420,1,1
5421,1,1
5422,1,1
5423,1,1
5424,1,1
5425,0,0
5426,1,1
5427,1,1
5428,0,0
5429,0,0
5430,1,1
5431,1,1
5432,0,0
5433,0,0
5434,0,0
5435,1,1
5436,0,0
5437,1,1
5438,0,0
5439,0,0
5440,0,1
5441,1,1
5442,0,1
5443,1,1
5444,0,0
5445,1,1
5446,0,0
5447,0,0
5448,0,0
5449,0,0
5450,0,0
5451,1,1
5452,0,0
5453,1,1
5454,0,0
5455,0,0
5456,1,1
5457,0,0
5458,1,1
5459,0,0
5460,0,0
5461,0,0
5462,0,0
5463,1,1
5464,0,0
5465,0,0
5466,0,0
5467,0,1
5468,0,0
5469,1,1
5470,0,0
5471,0,0
5472,1,1
5473,0,0
5474,0,0
5475,1,1
5476,0,0
5477,0,0
5478,0,0
5479,0,0
5480,0,0
5481,0,0
5482,0,0
5483,0,0
5484,0,0
5485,0,0
5486,0,0
5487,0,0
5488,1,1
5489,0,0
5490,1,1
5491,0,0
5492,0,0
5493,1,1
5494,1,1
5495,0,0
5496,1,1
5497,0,0
5498,0,0
5499,0,0
5500,0,0
5501,0,0
5502,1,1
5503,1,1
5504,0,0
5505,0,0
5506,1,1
5507,0,0
5508,0,0
5509,0,0
5510,0,0
5511,1,1
5512,0,0
5513,0,0
5514,0,0
5515,0,0
5516,1,1
5517,0,0
5518,0,0
5519,0,0
5520,0,0
5521,1,1
5522,0,0
5523,0,0
5524,0,0
5525,0,0
5526,0,0
5527,0,0
5528,1,1
5529,0,0
5530,0,0
5531,0,0
5532,1,1
5533,1,1
5534,0,0
5535,0,1
5536,0,0
5537,0,0
5538,0,0
5539,0,0
5540,0,0
5541,0,0
5542,0,0
5543,0,0
5544,0,0
5545,1,1
5546,0,0
5547,0,0
5548,0,0
5549,1,1
5550,1,1
5551,1,1
5552,0,0
5553,1,1
5554,0,0
5555,0,0
5556,0,0
5557,0,0
5558,0,0
5559,0,0
5560,0,0
5561,0,0
5562,0,0
5563,1,1
5564,1,1
5565,0,0
5566,0,0
5567,0,0
5568,0,0
5569,0,0
5570,0,0
5571,0,0
5572,0,0
5573,0,0
5574,1,1
5575,1,1
5576,0,0
5577,0,1
5578,0,0
5579,1,1
5580,0,0
5581,0,0
5582,1,1
5583,0,0
5584,1,1
5585,0,0
5586,1,1
5587,0,0
5588,0,0
5589,0,0
5590,1,1
5591,0,0
5592,1,1
5593,0,0
5594,1,1
5595,1,1
5596,1,1
5597,0,0
5598,1,1
5599,0,0
5600,1,1
